apn,situs_address
790-31-007,"8337 CARMEL ST"
790-31-020,"8297 CARMEL ST"
790-31-021,"8207 CARMEL ST"
790-31-022,"611 EL CERRITO WY"
790-31-032,"620 EL CERRITO WY"
790-31-033,"610 EL CERRITO WY"
790-31-034,"8197 CARMEL ST"
790-31-035,"8107 CARMEL ST"
790-31-036,"611 LA SIERRA WY"
790-31-037,"621 LA SIERRA WY"
790-31-043,"640 LA SIERRA WY"
790-31-044,"620 LA SIERRA WY"
790-31-045,"610 LA SIERRA WY"
790-31-046,"600 LA SIERRA WY"
790-31-047,"8091 CARMEL ST"
790-31-048,"8081 CARMEL ST"
790-31-049,"8071 CARMEL ST"
790-31-050,"8061 CARMEL ST"
790-31-051,"601 BROADWAY ST"
790-31-052,"631 BROADWAY ST"
790-31-053,"641 BROADWAY ST"
790-32-001,"7987 HANNA ST"
790-32-002,"7973 HANNA ST"
790-32-004,"401 1ST ST"
790-32-005,"429 1ST ST"
790-32-006,"435 1ST ST"
790-32-007,"451 1ST ST"
790-32-008,"420 BROADWAY ST"
790-32-011,"565 1ST ST"
790-32-012,"575 1ST ST"
790-32-013,"591 1ST ST"
790-32-014,"601 1ST ST"
790-32-026,"550 BROADWAY ST"
790-32-027,"540 BROADWAY ST"
790-32-028,"530 BROADWAY ST"
790-32-029,"520 BROADWAY ST"
790-32-030,"510 BROADWAY ST"
790-32-031,"500 BROADWAY ST"
790-32-032,"610 BROADWAY ST"
790-32-033,"8021 CARMEL ST"
790-32-035,"681 1ST ST"
790-32-036,"691 1ST ST"
790-32-037,"7967 HANNA ST"
790-32-041,"7957 HANNA ST"
790-32-042,"7937 HANNA ST"
790-32-044,"611 1ST ST"
790-32-045,"621 1ST ST"
790-32-046,"650 BROADWAY ST"
790-32-047,"630 BROADWAY ST"
790-32-049,"CARMEL ST"
790-32-050,"8010 WAYLAND LN"
790-32-051,"501 1ST ST"
790-32-052,"620 BROADWAY ST"
790-32-053,"622 BROADWAY ST"
790-32-054,"626 BROADWAY ST"
790-32-055,"624 BROADWAY ST"
790-33-001,"8100 OAK CT"
790-33-002,"8108 OAK CT"
790-33-003,"8118 OAK CT"
790-33-004,"8120 OAK CT"
790-33-005,"8126 OAK CT"
790-33-006,"8130 OAK CT"
790-33-007,"8140 OAK CT"
790-33-008,"8150 OAK CT"
790-33-009,"8160 OAK CT"
790-33-010,"8170 HANNA ST"
790-33-011,"HANNA ST"
790-33-012,"400 EL CERRITO WY"
790-33-013,"8171 HANNA ST"
790-33-014,"8161 HANNA ST"
790-33-015,"401 LA SIERRA WY"
790-33-016,"8141 HANNA ST"
790-33-017,"8131 HANNA ST"
790-33-018,"8121 HANNA ST"
790-33-019,"401 BROADWAY ST"
790-33-020,"405 BROADWAY ST"
790-33-021,"445 BROADWAY ST"
790-33-022,"495 BROADWAY ST"
790-33-023,"505 BROADWAY ST"
790-33-024,"525 BROADWAY ST"
790-33-025,"555 BROADWAY ST"
790-33-026,"575 BROADWAY ST"
790-33-028,"8080 CARMEL ST"
790-33-029,"598 LA SIERRA WY"
790-33-030,"568 LA SIERRA WY"
790-33-031,"508 LA SIERRA WY"
790-33-032,"478 LA SIERRA WY"
790-33-033,"448 LA SIERRA WY"
790-33-034,"428 LA SIERRA WY"
790-33-035,"408 LA SIERRA WY"
790-33-036,"405 LA SIERRA WY"
790-33-037,"425 LA SIERRA WY"
790-33-038,"445 LA SIERRA WY"
790-33-039,"475 LA SIERRA WY"
790-33-040,"505 LA SIERRA WY"
790-33-041,"565 LA SIERRA WY"
790-33-042,"595 LA SIERRA WY"
790-33-043,"8100 CARMEL ST"
790-33-044,"8190 CARMEL ST"
790-33-045,"590 EL CERRITO WY"
790-33-046,"560 EL CERRITO WY"
790-33-047,"530 EL CERRITO WY"
790-33-048,"500 EL CERRITO WY"
790-33-049,"498 EL CERRITO WY"
790-33-050,"468 EL CERRITO WY"
790-33-051,"448 EL CERRITO WY"
790-33-052,"428 EL CERRITO WY"
790-33-053,"595 BROADWAY ST"
790-33-054,"8060 CARMEL ST"
790-34-001,"591 EL CERRITO WY"
790-34-002,"8230 CARMEL ST"
790-34-003,"8270 CARMEL ST"
790-34-004,"8290 CARMEL ST"
790-34-005,"8310 CARMEL ST"
790-34-006,"8330 CARMEL ST"
790-34-007,"8370 CARMEL ST"
790-34-008,"8390 CARMEL ST"
790-34-009,"8391 GLENWOOD RD"
790-34-010,"8371 GLENWOOD RD"
790-34-011,"8331 GLENWOOD RD"
790-34-012,"8311 GLENWOOD RD"
790-34-013,"8291 GLENWOOD RD"
790-34-014,"8271 GLENWOOD RD"
790-34-015,"8231 GLENWOOD RD"
790-34-016,"8211 GLENWOOD RD"
790-34-017,"441 EL CERRITO WY"
790-34-018,"431 EL CERRITO WY"
790-34-019,"8240 GLENWOOD DR"
790-34-020,"8260 GLENWOOD RD"
790-34-021,"8290 GLENWOOD RD"
790-34-022,"8310 GLENWOOD RD"
790-34-023,"8330 GLENWOOD RD"
790-34-024,"8350 GLENWOOD RD"
790-34-025,"8370 GLENWOOD RD"
790-34-026,"8390 GLENWOOD RD"
790-34-027,"8391 HANNA ST"
790-34-028,"8371 HANNA ST"
790-34-029,"8351 HANNA ST"
790-34-032,"8291 HANNA ST"
790-34-033,"8261 HANNA ST"
790-34-034,"8241 HANNA ST"
790-34-035,"8221 HANNA ST"
790-34-036,"8211 HANNA ST"
790-34-037,"8190 HANNA ST"
790-34-038,"360 EL CERRITO WY"
790-34-039,"310 EL CERRITO WY"
790-34-040,"311 EL CERRITO WY"
790-34-041,"331 EL CERRITO WY"
790-34-042,"361 EL CERRITO WY"
790-34-043,"391 EL CERRITO WY"
790-34-044,"390 EL TORO WY"
790-34-045,"360 EL TORO WY"
790-34-046,"330 EL TORO WY"
790-34-047,"310 EL TORO WY"
790-34-048,"311 EL TORO WY"
790-34-049,"331 EL TORO WY"
790-34-050,"361 EL TORO WY"
790-34-051,"391 EL TORO WY"
790-34-052,"390 WELBURN AV"
790-34-053,"360 WELBURN AV"
790-34-054,"330 WELBURN AV"
790-34-055,"310 WELBURN AV"
790-34-056,"8331 HANNA ST"
790-34-057,"8311 HANNA ST"
790-35-001,"CHURCH ST"
790-35-002,"8051 CHURCH ST"
790-35-003,"8041 CHURCH ST"
790-35-004,"8031 CHURCH ST"
790-35-005,"8021 CHURCH ST"
790-35-006,"8011 CHURCH ST"
790-35-007,"8001 CHURCH ST"
790-35-008,"CHURCH ST"
790-35-009,"201 GURRIES DR"
790-35-010,"211 GURRIES DR"
790-35-011,"221 GURRIES DR"
790-35-012,"231 GURRIES DR"
790-35-013,"241 GURRIES DR"
790-35-014,"251 GURRIES DR"
790-35-018,"300 GURRIES DR"
790-35-019,"290 A GURRIES DR"
790-35-020,"280 GURRIES DR"
790-35-021,"270 GURRIES DR"
790-35-022,"260 GURRIES DR"
790-35-023,"250 GURRIES DR"
790-35-024,"240 GURRIES DR"
790-35-025,"230 GURRIES DR"
790-35-026,"220 GURRIES DR"
790-35-027,"210 GURRIES DR"
790-35-028,"200 GURRIES DR"
790-35-029,"211 1ST ST"
790-35-030,"301 1ST ST"
790-35-031,"303 1ST ST"
790-35-032,"315 1ST ST"
790-35-033,"381 1ST ST"
790-35-034,"383 1ST ST"
790-35-035,"7990 HANNA ST"
790-35-036,"7980 HANNA ST"
790-35-037,"7970 HANNA ST"
790-35-038,"317 GURRIES DR"
790-35-039,"313 GURRIES DR"
790-35-045,"325 GURRIES DR"
790-35-046,"335 GURRIES DR"
790-35-047,"345 GURRIES DR"
790-35-048,"355 GURRIES DR"
790-35-049,"365 GURRIES DR"
790-35-050,"375 GURRIES DR"
790-35-051,"385 GURRIES DR"
790-35-052,"395 GURRIES DR"
790-35-053,""
790-35-054,"309 GURRIES DR"
790-35-999,""
790-36-002,"CHURCH ST"
790-36-007,"8375 MONTEREY RD"
790-36-012,"95 HOWSON ST"
790-36-019,"8380 CHURCH ST"
790-36-020,"8224 CHURCH ST"
790-36-021,"8305 MONTEREY RD"
790-36-022,"8352 CHURCH ST #A"
790-36-023,"8352 CHURCH ST #B"
790-36-024,"8352 CHURCH ST #C"
790-36-025,"8352 CHURCH ST #D"
790-36-026,"8352 CHURCH ST #E"
790-36-027,"8352 CHURCH ST #F"
790-36-029,"8295 MONTEREY RD"
790-36-031,"190 WELBURN AV #A"
790-36-032,"8385 MONTEREY ST"
790-36-033,"10 WELBURN AV"
790-36-036,"8315 MONTEREY RD"
790-36-037,"30 WELBURN AV"
790-36-038,"8343 CHURCH ST"
790-36-039,"8335 CHURCH ST"
790-36-999,""
790-37-001,"8195 MONTEREY RD"
790-37-002,"8175 MONTEREY ST"
790-37-003,"MONTEREY RD RTE 2"
790-37-004,"8065 MONTEREY RD"
790-37-005,""
790-37-006,""
790-37-008,"11 1ST ST"
790-37-009,"7950 CHURCH ST"
790-37-010,"8000 CHURCH ST"
790-37-011,"8010 CHURCH ST"
790-37-012,"8020 CHURCH ST"
790-37-013,"8030 CHURCH ST"
790-37-014,"8040 CHURCH ST"
790-37-015,"8170 CHURCH ST"
790-37-016,"11 1ST ST"
799-01-002,"7832 EIGLEBERRY ST"
799-01-003,"7843 MONTEREY ST"
799-01-004,"7862 EIGLEBERRY ST"
799-01-005,"7853 MONTEREY ST"
799-01-006,"7872 EIGLEBERRY ST"
799-01-008,"66 1ST ST"
799-01-009,"7895 MONTEREY RD"
799-01-010,"7865 MONTEREY RD"
799-01-011,"7855 MONTEREY RD"
799-01-012,"7845 MONTEREY RD"
799-01-014,"139 2ND ST"
799-01-015,"159 2ND ST"
799-01-016,"165 2ND ST"
799-01-017,"7810 CHURCH ST"
799-01-018,"7820 CHURCH ST"
799-01-019,"7830 CHURCH ST"
799-01-020,"7840 CHURCH ST"
799-01-021,"7850 CHURCH ST"
799-01-022,"7860 CHURCH ST"
799-01-023,"7870 CHURCH ST"
799-01-024,"7880 CHURCH ST"
799-01-025,"190 1ST ST"
799-01-026,"7897 EIGLEBERRY ST"
799-01-027,"7881 EIGLEBERRY ST"
799-01-028,"7861 EIGLEBERRY ST"
799-01-031,"7831 EIGLEBERRY ST"
799-01-032,"111 2ND ST"
799-01-033,"2ND ST"
799-01-034,"245 2ND ST"
799-01-035,"259 2ND ST"
799-01-036,"269 2ND ST"
799-01-037,"7810 ROSANNA ST"
799-01-038,"7830 ROSANNA ST"
799-01-039,"7840 ROSANNA ST"
799-01-041,"298 1ST ST"
799-01-044,"7861 CHURCH ST"
799-01-045,"7851 CHURCH ST"
799-01-046,"7841 CHURCH ST"
799-01-047,"7831 CHURCH ST"
799-01-048,"7821 CHURCH ST"
799-01-049,"215 2ND ST"
799-01-051,"MONTEREY RD"
799-01-052,"7815 MONTEREY RD"
799-01-053,"66 1ST ST"
799-01-054,"7881 CHURCH ST"
799-01-055,"7850 ROSANNA ST"
799-01-056,"7860 ROSANNA ST"
799-01-057,"7870 ROSANNA ST"
799-01-058,"7851 EIGLEBERRY ST"
799-01-059,"7841 EIGLEBERRY ST"
799-02-001,"2ND ST"
799-02-002,"351 2ND ST"
799-02-003,"7810 HANNA ST"
799-02-004,"7820 HANNA ST"
799-02-005,"7830 HANNA ST"
799-02-006,"7840 A HANNA ST"
799-02-007,"7850 HANNA ST #A"
799-02-008,"7860 HANNA ST"
799-02-009,"398 1ST ST"
799-02-010,"320 1ST ST"
799-02-011,"312 1ST ST"
799-02-012,"7881 ROSANNA ST"
799-02-013,"7861 ROSANNA ST"
799-02-014,"7851 ROSANNA ST"
799-02-015,"7841 ROSANNA ST"
799-02-016,"7831 ROSANNA ST"
799-02-017,"7821 ROSANNA ST"
799-02-018,"7811 ROSANNA ST"
799-02-019,"7801 ROSANNA ST"
799-02-020,"7791 ROSANNA ST"
799-02-021,"7781 ROSANNA ST"
799-02-022,"7771 ROSANNA ST"
799-02-023,"7761 ROSANNA ST"
799-02-024,"7751 ROSANNA ST"
799-02-025,"7741 ROSANNA ST"
799-02-026,"7731 ROSANNA ST"
799-02-027,"7721 ROSANNA ST"
799-02-028,"7711 ROSANNA ST"
799-02-029,"7701 ROSANNA ST"
799-02-030,"339 3RD ST"
799-02-031,"7700 HANNA ST"
799-02-032,"7710 HANNA ST"
799-02-033,"7730 HANNA ST"
799-02-034,"7740 HANNA ST"
799-02-035,"7750 HANNA ST"
799-02-036,"7760 HANNA ST"
799-02-037,"7770 HANNA ST"
799-02-038,"7790 HANNA ST"
799-02-039,"358 2ND ST"
799-03-001,"256 2ND ST"
799-03-002,"230 2ND ST"
799-03-003,"7781 CHURCH ST"
799-03-004,"7771 CHURCH ST"
799-03-005,"7761 CHURCH ST"
799-03-006,"7751 CHURCH ST"
799-03-007,"7741 CHURCH ST"
799-03-008,"7731 CHURCH ST"
799-03-009,"7721 CHURCH ST"
799-03-010,"7711 CHURCH ST"
799-03-011,"7701 CHURCH ST"
799-03-012,"7700 ROSANNA ST"
799-03-013,"7708 ROSANNA ST"
799-03-014,"7710 ROSANNA ST"
799-03-015,"7720 ROSANNA ST"
799-03-016,"7730 ROSANNA ST"
799-03-017,"7740 ROSANNA ST"
799-03-018,"7750 ROSANNA ST"
799-03-019,"7760 ROSANNA ST"
799-03-020,"7770 ROSANNA ST"
799-03-021,"7780 ROSANNA ST"
799-03-022,"7790 ROSANNA ST"
799-03-023,"150 2ND ST"
799-03-024,"140 2ND ST"
799-03-025,"7797 EIGLEBERRY ST"
799-03-026,"7785 EIGLEBERRY ST"
799-03-027,"7773 EIGLEBERRY ST"
799-03-029,"7751 EIGLEBERRY ST"
799-03-032,"7707 EIGLEBERRY ST"
799-03-033,"7705 EIGLEBERRY ST"
799-03-034,"133 THIRD ST"
799-03-035,"145 3RD ST"
799-03-036,"163 3RD ST"
799-03-038,"153 THIRD ST"
799-03-039,"7704 CHURCH ST"
799-03-040,"7710 CHURCH ST"
799-03-041,"7728 CHURCH ST"
799-03-042,"7738 CHURCH ST"
799-03-043,"7746 CHURCH ST"
799-03-046,""
799-03-047,"7797 MONTEREY ST"
799-03-048,"7787 MONTEREY RD"
799-03-051,"7767 MONTEREY RD"
799-03-052,"7757 MONTEREY RD"
799-03-053,"7747 MONTEREY RD"
799-03-054,"7733 MONTEREY RD"
799-03-055,"7711 MONTEREY RD"
799-03-056,"57 THIRD ST"
799-03-057,"59 THIRD ST"
799-03-058,"85 THIRD ST"
799-03-059,"7740 EIGLEBERRY ST"
799-03-060,"7744 EIGELBERRY ST"
799-03-066,"7777 MONTEREY RD"
799-03-068,"178 2ND ST"
799-03-069,"7750 EIGLEBERRY ST"
799-03-070,"7760 EIGLEBERRY ST"
799-03-071,"7765 EIGLEBERRY ST"
799-03-073,"7766 CHURCH ST"
799-03-074,"7776 CHURCH ST"
799-03-075,"7770 EIGLEBERRY ST"
799-03-076,"7780 EIGLEBERRY ST"
799-03-077,"7790 EIGLEBERRY ST"
799-03-078,"7737 EIGLEBERRY ST"
799-03-079,"7725 EIGLEBERRY ST"
799-04-002,"7691 MONTEREY RD"
799-04-004,"7671 MONTEREY RD"
799-04-005,"7661 MONTEREY RD"
799-04-006,"7641 MONTEREY RD"
799-04-007,"7635 MONTEREY RD"
799-04-008,"7601 MONTEREY RD"
799-04-009,"95 4TH ST"
799-04-010,"95 4TH ST"
799-04-011,"7600 EIGLEBERRY ST"
799-04-012,"7620 EIGLEBERRY ST"
799-04-013,"7630 EIGLEBERRY ST"
799-04-014,"EIGLEBERRY ST"
799-04-015,"7640 EIGLEBERRY ST"
799-04-016,"7660 EIGLEBERRY ST"
799-04-017,""
799-04-018,"7670 EIGLEBERRY ST"
799-04-019,"7680 EIGLEBERRY ST"
799-04-020,"7690 EIGLEBERRY ST"
799-04-021,"86 THIRD ST"
799-04-022,"66 THIRD ST"
799-04-023,"7691 EIGLEBERRY ST"
799-04-024,"7681 EIGLEBERRY ST"
799-04-025,"7671 EIGLEBERRY ST"
799-04-026,"7661 EIGLEBERRY ST"
799-04-027,"7651 EIGLEBERRY ST"
799-04-028,"7641 EIGLEBERRY ST"
799-04-029,"129 4TH ST"
799-04-030,"7621 EIGLEBERRY ST"
799-04-031,"129 4TH ST"
799-04-032,"7600 CHURCH ST"
799-04-033,"7630 CHURCH ST"
799-04-034,"7640 CHURCH ST"
799-04-035,"7650 A CHURCH ST"
799-04-037,"7680 CHURCH ST"
799-04-038,"7690 CHURCH ST"
799-04-039,"160 3RD ST"
799-04-040,"7631 CHURCH ST"
799-04-041,"7621 CHURCH ST"
799-04-042,"7601 CHURCH ST"
799-04-043,"265 4TH ST"
799-04-045,"7620 ROSANNA ST"
799-04-047,"7670 CHURCH ST #A,B,C"
799-04-048,"7672 CHURCH ST #A,B"
799-04-049,"7681 MONTEREY RD"
799-04-050,"30 THIRD ST"
799-04-051,"7610 ROSANNA ST"
799-04-052,"7600 ROSANNA ST"
799-05-001,"310 THIRD ST"
799-05-002,"7691 ROSANNA ST"
799-05-003,"7681 ROSANNA ST"
799-05-004,"7661 ROSANNA ST"
799-05-005,"7657 ROSANNA ST"
799-05-006,"7651 ROSANNA ST"
799-05-007,"7641 ROSANNA ST"
799-05-008,"7631 ROSANNA ST"
799-05-009,"7623 ROSANNA ST"
799-05-010,"7611 ROSANNA ST"
799-05-011,"7601 ROSANNA ST"
799-05-012,"347 4TH ST"
799-05-013,"361 4TH ST"
799-05-014,"393 A 4TH ST"
799-05-015,"7620 HANNA ST"
799-05-016,"7630 HANNA ST"
799-05-017,"7640 HANNA ST"
799-05-018,"7650 A HANNA ST"
799-05-019,"7660 HANNA ST"
799-05-020,"7670 HANNA ST"
799-05-021,"7680 HANNA ST"
799-05-022,"7690 HANNA ST"
799-05-023,"366 3RD ST"
799-05-024,"7691 HANNA ST"
799-05-025,"7681 HANNA ST"
799-05-026,"7671 HANNA ST"
799-05-027,"7661 HANNA ST"
799-05-028,"7651 HANNA ST"
799-05-029,"7641 HANNA ST"
799-05-030,"7631 HANNA ST"
799-05-031,"7621 HANNA ST"
799-05-032,"7601 HANNA ST"
799-05-033,"7600 DOWDY ST"
799-05-034,"7610 DOWDY ST"
799-05-035,"7620 DOWDY ST"
799-05-036,"7630 DOWDY ST"
799-05-037,"7640 DOWDY ST"
799-05-038,"7650 DOWDY ST"
799-05-039,"7660 DOWDY ST"
799-05-040,"7670 DOWDY ST"
799-05-041,"7680 DOWDY ST"
799-05-042,"7690 DOWDY ST"
799-05-043,"450 3RD ST"
799-05-044,"7691 DOWDY ST"
799-05-045,"7681 DOWDY ST"
799-05-046,"7671 DOWDY ST"
799-05-047,"7661 DOWDY ST"
799-05-048,"7651 DOWDY ST"
799-05-049,"7641 DOWDY ST"
799-05-050,"7631 DOWDY ST"
799-05-051,"7621 DOWDY ST"
799-05-052,"7611 DOWDY ST"
799-05-053,"7601 DOWDY ST"
799-05-054,"545 4TH ST"
799-05-055,"7600 CARMEL ST"
799-05-056,"7610 CARMEL ST"
799-05-057,"7620 CARMEL ST"
799-05-058,"7630 CARMEL ST"
799-05-059,"7640 CARMEL ST"
799-05-060,"7650 CARMEL ST"
799-05-061,"7660 CARMEL ST"
799-05-062,"7680 CARMEL ST"
799-05-063,"7690 CARMEL ST"
799-06-001,"264 4TH ST"
799-06-002,"7591 CHURCH ST"
799-06-003,"7581 CHURCH ST"
799-06-004,"7571 CHURCH ST"
799-06-005,"7561 CHURCH ST"
799-06-006,"7551 CHURCH ST"
799-06-007,"7541 CHURCH ST"
799-06-008,"7531 CHURCH ST"
799-06-009,"7521 CHURCH ST"
799-06-010,"213 5TH ST"
799-06-011,"237 5TH ST"
799-06-012,"263 5TH ST"
799-06-013,"283 5TH ST"
799-06-014,"7530 ROSANNA ST"
799-06-015,"7540 ROSANNA ST"
799-06-016,"7550 ROSANNA ST"
799-06-017,"7556 ROSANNA ST"
799-06-018,"7560 ROSANNA ST"
799-06-019,"7570 ROSANNA ST"
799-06-020,"7580 ROSANNA ST"
799-06-021,"290 4TH ST"
799-06-022,"164 4TH ST"
799-06-023,"7559 EIGLEBERRY ST"
799-06-024,"7539 EIGLEBERRY ST"
799-06-025,"7527 EIGLEBERRY ST"
799-06-026,"111 5TH ST"
799-06-027,"121 5TH ST"
799-06-028,"141 5TH ST"
799-06-029,"5TH ST"
799-06-030,"159 5TH ST"
799-06-031,"195 5TH ST"
799-06-032,"7530 CHURCH ST"
799-06-034,"7550 CHURCH ST"
799-06-035,"7560 CHURCH ST"
799-06-036,"7570 CHURCH ST"
799-06-037,"7580 CHURCH ST"
799-06-038,"7590 CHURCH ST"
799-06-039,"194 4TH ST"
799-06-041,"7597 MONTEREY RD"
799-06-042,"7579 MONTEREY RD"
799-06-043,"7573 MONTEREY RD"
799-06-044,"7565 MONTEREY RD"
799-06-045,"7561 MONTEREY RD"
799-06-046,"7557 MONTEREY RD"
799-06-047,"7547 MONTEREY RD"
799-06-048,"7541 MONTEREY RD"
799-06-049,"7533 MONTEREY RD"
799-06-050,"7529 MONTEREY RD"
799-06-053,"7515 MONTEREY RD"
799-06-054,"7511 MONTEREY RD"
799-06-055,"7501 MONTEREY RD"
799-06-060,""
799-06-061,""
799-06-062,""
799-06-064,"7540 CHURCH ST"
799-06-065,"CHURCH ST"
799-06-068,"60 4TH ST"
799-06-069,"7525 MONTEREY RD"
799-07-003,"7463 CHURCH ST"
799-07-004,"7449 CHURCH ST"
799-07-005,"7439 CHURCH ST"
799-07-006,"7431 CHURCH ST"
799-07-007,"7425 CHURCH ST"
799-07-008,"7417 CHURCH ST"
799-07-009,"7405 CHURCH ST"
799-07-010,"275 W 6TH ST"
799-07-011,"295 W SIXTH ST"
799-07-012,"7410 ROSANNA ST"
799-07-013,"ROSANNA ST"
799-07-014,"7428 ROSANNA ST"
799-07-015,"7438 ROSANNA ST"
799-07-016,"7446 ROSANNA ST"
799-07-017,"7456 ROSANNA ST"
799-07-018,"7466 ROSANNA ST"
799-07-019,"7478 ROSANNA ST"
799-07-020,"286 5TH ST"
799-07-021,"268 5TH ST"
799-07-023,"140 5TH ST"
799-07-025,"7451 EIGLEBERRY ST"
799-07-026,"7449 EIGLEBERRY ST"
799-07-027,"7439 EIGLEBERRY ST"
799-07-028,"7435 EIGLEBERRY ST"
799-07-029,"7425 EIGLEBERRY ST"
799-07-030,"7415 EIGLEBERRY ST"
799-07-031,"7405 EIGLEBERRY ST"
799-07-032,"145 W 6TH ST"
799-07-033,"7406 CHURCH ST"
799-07-034,"7424 CHURCH ST"
799-07-035,"7434 CHURCH ST"
799-07-036,"7440 CHURCH ST"
799-07-037,"7444 CHURCH ST"
799-07-038,"7456 CHURCH ST"
799-07-039,"7468 CHURCH ST"
799-07-040,"7474 CHURCH ST"
799-07-042,"92 5TH ST"
799-07-043,"80 5TH ST"
799-07-044,"64 5TH ST"
799-07-045,"60 5TH ST"
799-07-046,"7497 MONTEREY RD"
799-07-047,"7487 MONTEREY RD"
799-07-048,"7485 MONTEREY RD"
799-07-049,"7483 MONTEREY RD"
799-07-050,"7477 MONTEREY RD"
799-07-051,"7471 MONTEREY RD"
799-07-052,"7461 MONTEREY RD"
799-07-053,"7455 MONTEREY RD"
799-07-054,"7453 MONTEREY RD"
799-07-055,"7451 MONTEREY RD"
799-07-056,"7445 MONTEREY RD"
799-07-057,"7441 MONTEREY RD"
799-07-058,"7435 MONTEREY RD"
799-07-062,"7423 MONTEREY RD"
799-07-063,"7421 MONTEREY RD"
799-07-064,"7419 MONTEREY RD"
799-07-065,"7415 MONTEREY RD"
799-07-066,"7411 MONTEREY RD"
799-07-067,"7401 MONTEREY RD"
799-07-068,"39 W 6TH ST"
799-07-069,"EIGLEBERRY ST"
799-07-070,"55 W 6TH ST"
799-07-071,"75 W 6TH ST"
799-07-072,"7420 EIGLEBERRY ST"
799-07-073,"EIGLEBERRY ST"
799-07-074,"EIGLEBERRY ST"
799-07-075,"7470 EIGLEBERRY ST"
799-07-076,"7480 EIGLEBERRY ST"
799-07-078,"EIGLEBERRY ST"
799-07-080,"7477 EIGLEBERRY ST"
799-07-081,"7467 EIGLEBERRY ST"
799-07-082,"160 5TH ST"
799-07-083,"200 5TH ST"
799-07-084,"7433 MONTEREY RD"
799-07-999,""
799-08-008,"182 W 6TH ST"
799-08-009,"180 W 6TH ST"
799-08-010,"146 W 6TH ST"
799-08-011,"110 W 6TH ST"
799-08-012,"7393 EIGLEBERRY ST"
799-08-013,"7391 EIGLEBERRY ST"
799-08-014,"7381 A EIGLEBERRY ST"
799-08-015,"7371 EIGLEBERRY ST"
799-08-016,"7361 EIGLEBERRY ST"
799-08-017,"7351 EIGLEBERRY ST #B"
799-08-018,"7341 EIGLEBERRY ST"
799-08-019,"7331 EIGLEBERRY ST"
799-08-020,"7321 EIGLEBERRY ST"
799-08-021,"7311 EIGLEBERRY ST"
799-08-022,"161 W 7TH ST"
799-08-023,"7308 CHURCH ST"
799-08-024,"7310 CHURCH ST"
799-08-025,"7320 CHURCH ST"
799-08-026,"7330 CHURCH ST"
799-08-027,"7340 CHURCH ST"
799-08-028,"7360 CHURCH ST"
799-08-029,"7370 CHURCH ST"
799-08-030,"7380 CHURCH ST"
799-08-031,"7390 CHURCH ST"
799-08-032,"192 W 6TH ST"
799-08-033,"64 W 6TH ST"
799-08-034,"7387 MONTEREY RD"
799-08-035,"7377 MONTEREY RD"
799-08-036,"7373 MONTEREY RD"
799-08-037,"7363 MONTEREY RD"
799-08-038,"7357 MONTEREY RD"
799-08-039,"7355 MONTEREY RD"
799-08-040,"7353 MONTEREY RD"
799-08-041,"7347 MONTEREY RD"
799-08-042,"7341 MONTEREY RD"
799-08-043,"MONTEREY RD"
799-08-044,"7301 MONTEREY RD"
799-08-045,"67 W 7TH ST"
799-08-046,"57 W 7TH ST"
799-08-047,"7310 EIGLEBERRY ST"
799-08-048,"7320 EIGLEBERRY ST"
799-08-049,"7330 EIGLEBERRY ST"
799-08-050,"7350 EIGLEBERRY ST"
799-08-051,"7360 EIGLEBERRY ST"
799-08-053,"74 W 6TH ST"
799-08-054,"7350 ROSANNA ST"
799-08-058,"250 W 6TH"
799-08-059,"60 W 6TH ST"
799-08-060,"EIGLEBERRY ST"
799-09-001,"272 W 7TH ST"
799-09-002,"254 W 7TH ST"
799-09-003,"7297 CHURCH ST"
799-09-004,"7281 6 CHURCH ST"
799-09-005,"7265 CHURCH ST"
799-09-006,"7249 CHURCH ST"
799-09-007,"7241 CHURCH ST"
799-09-008,"7233 CHURCH ST"
799-09-009,"7225 CHURCH ST"
799-09-010,"7217 CHURCH ST"
799-09-011,"7209 CHURCH ST"
799-09-013,"241 W 8TH ST"
799-09-014,"7208 D ROSANNA ST"
799-09-015,"7208 C ROSANNA ST"
799-09-016,"7216 ROSANNA ST"
799-09-018,"7240 ROSANNA ST"
799-09-019,"7248 ROSANNA ST"
799-09-020,"7256 ROSANNA ST"
799-09-021,"7264 ROSANNA ST"
799-09-022,"7272 ROSANNA ST"
799-09-023,"7280 ROSANNA ST"
799-09-024,"288 W 7TH ST"
799-09-025,"130 W 7TH ST"
799-09-026,"7299 EIGLEBERRY ST"
799-09-027,"7281 EIGLEBERRY"
799-09-030,"7265 EIGLEBERRY ST"
799-09-031,"7257 EIGLEBERRY ST"
799-09-032,"7249 EIGLEBERRY ST"
799-09-033,"7241 EIGLEBERRY ST"
799-09-034,"7233 EIGLEBERRY ST"
799-09-035,"7225 EIGLEBERRY ST"
799-09-036,"7217 EIGLEBERRY ST"
799-09-037,"7209 EIGLEBERRY ST"
799-09-038,"7201 EIGLEBERRY ST"
799-09-040,"7206 CHURCH ST"
799-09-041,"7216 CHURCH ST"
799-09-042,"7224 CHURCH ST"
799-09-043,"7232 CHURCH ST"
799-09-044,"7240 CHURCH ST"
799-09-045,"7248 CHURCH ST"
799-09-046,"7256 CHURCH ST"
799-09-047,"7264 CHURCH ST"
799-09-048,"7272 CHURCH ST"
799-09-049,"7280 CHURCH ST"
799-09-050,"7288 CHURCH ST"
799-09-051,"54 W 7TH ST"
799-09-052,"36 W 7TH ST"
799-09-053,"10 W 7TH ST"
799-09-054,"7289 MONTEREY ST"
799-09-055,"MONTEREY RD"
799-09-056,"MONTEREY RD"
799-09-057,"MONTEREY RD"
799-09-058,"7275 MONTEREY ST"
799-09-059,"7259 MONTEREY RD"
799-09-061,"7237 MONTEREY RD"
799-09-062,"7201 MONTEREY RD"
799-09-063,"99 W 8TH ST"
799-09-064,"7216 EIGLEBERRY ST"
799-09-065,"7224 EIGLEBERRY ST"
799-09-066,"7232 EIGLEBERRY ST"
799-09-067,"7240 EIGLEBERRY ST"
799-09-068,"7248 EIGLEBERRY ST"
799-09-069,"7256 EIGLEBERRY ST"
799-09-070,"7264 EIGLEBERRY ST"
799-09-071,"7272 EIGLEBERRY ST"
799-09-072,"58 W 7TH ST"
799-09-073,"169 W 8TH ST"
799-09-074,"199 W 8TH ST"
799-09-075,"7224 ROSANNA ST #A"
799-09-076,"7232 ROSANNA ST"
799-09-077,"7243 MONTEREY RD"
799-09-078,"211 W 8TH ST"
799-09-079,"7201 CHURCH ST"
799-09-080,"7273 EIGLEBERRY ST"
799-10-002,"7181 A CHURCH ST"
799-10-003,"7161 CHURCH ST"
799-10-004,"7151 CHURCH ST"
799-10-005,"7131 CHURCH ST"
799-10-008,"7130 ROSANNA ST"
799-10-015,"148 W 8TH ST"
799-10-019,"7141 EIGLEBERRY ST"
799-10-020,"7131 EIGLEBERRY ST"
799-10-021,"7121 EIGLEBERRY ST"
799-10-022,"7111 EIGLEBERRY ST"
799-10-023,"127 W 9TH ST"
799-10-025,"7130 CHURCH ST"
799-10-026,"7140 CHURCH ST"
799-10-027,"7150 CHURCH ST"
799-10-028,"7160 CHURCH ST"
799-10-029,"7170 CHURCH ST"
799-10-030,"7180 CHURCH ST"
799-10-031,"7182 CHURCH ST"
799-10-032,"7190 CHURCH ST"
799-10-033,"7191 MONTEREY ST"
799-10-034,"7161 MONTEREY ST"
799-10-039,"51 W 9TH ST"
799-10-040,"7100 EIGLEBERRY ST"
799-10-041,"7110 EIGLEBERRY ST"
799-10-042,"EIGLEBERRY ST"
799-10-043,"7130 EIGLEBERRY ST"
799-10-044,"7140 EIGLEBERRY ST"
799-10-045,"7150 EIGLEBERRY ST"
799-10-048,"MONTEREY ST"
799-10-049,"7121 MONTEREY ST"
799-10-050,"7190 EIGLEBERRY ST"
799-10-051,"7191 EIGLEBERRY ST"
799-10-054,"205 W 9TH ST"
799-10-055,"207 W 9TH ST"
799-10-056,"165 W 9TH ST"
799-10-057,"195 W 9TH ST"
799-10-058,"201 A W 9TH ST"
799-10-060,"7101 MONTEREY ST"
799-10-061,"7151 EIGLEBERRY ST"
799-10-062,"7145 EIGLEBERRY ST #A"
799-10-063,"7170 ROSANNA ST"
799-10-064,"7174 ROSANNA ST"
799-10-065,"7176 ROSANNA ST"
799-10-066,"7180 ROSANNA ST"
799-10-067,"282 W 8TH ST #STE A"
799-10-068,"210 W 8TH ST"
799-10-069,"7100 ROSANNA ST"
799-10-070,"211 W NINTH ST"
799-10-071,"7160 ROSANNA ST"
799-10-072,"7150 ROSANNA ST"
799-11-004,"7051 CHURCH ST"
799-11-005,"7041 CHURCH ST"
799-11-006,"7027 CHURCH ST"
799-11-007,"7021 CHURCH ST"
799-11-008,"7011 CHURCH ST"
799-11-010,"213 W 10TH ST"
799-11-011,"275 W 10TH ST"
799-11-012,"7000 ROSANNA ST"
799-11-013,"7020 ROSANNA ST"
799-11-014,"7030 ROSANNA ST"
799-11-015,"7040 ROSANNA ST"
799-11-017,"7080 ROSANNA ST"
799-11-018,"7090 ROSANNA ST"
799-11-020,"7061 EIGLEBERRY ST"
799-11-021,"7051 EIGLEBERRY ST"
799-11-022,"7041 EIGLEBERRY ST"
799-11-023,"7031 EIGLEBERRY ST"
799-11-024,"7011 EIGLEBERRY ST"
799-11-025,"7001 EIGLEBERRY ST"
799-11-032,"7021 MONTEREY RD"
799-11-033,"7001 MONTEREY RD"
799-11-034,"81 W 10TH ST"
799-11-035,"7020 EIGLEBERRY ST"
799-11-039,"7041 MONTEREY RD"
799-11-040,"88 W 9TH ST"
799-11-041,"7091 MONTEREY RD"
799-11-042,"7040 EIGLEBERRY ST"
799-11-043,"7030 EIGLEBERRY ST"
799-11-044,"7080 EIGLEBERRY ST"
799-11-045,"7051 MONTEREY RD"
799-11-047,"7081 CHURCH ST"
799-11-049,"7050 CHURCH ST"
799-11-050,"7060 CHURCH ST"
799-11-054,"7081 EIGLEBERRY ST #A"
799-11-055,"7071 EIGLEBERRY ST"
799-11-056,"7091 CHURCH ST"
799-11-057,"130 W 9TH ST"
799-11-058,"110 W 9TH ST"
799-11-059,"7050 ROSANNA ST"
799-11-060,"7060 ROSANNA ST"
799-11-061,"7070 ROSANNA ST"
799-11-062,"7090 CHURCH ST"
799-11-065,"7071 CHURCH ST"
799-11-066,"7061 CHURCH ST"
799-11-067,"7001 CHURCH ST"
799-11-068,"7040 CHURCH ST"
799-11-069,""
799-12-001,"7091 ROSANNA ST"
799-12-002,"7081 ROSANNA ST"
799-12-003,"7071 ROSANNA ST"
799-12-004,"7061 ROSANNA ST"
799-12-005,"7051 ROSANNA ST"
799-12-006,"7041 ROSANNA ST"
799-12-007,"7031 ROSANNA ST"
799-12-008,"7021 ROSANNA ST"
799-12-009,"7011 ROSANNA ST"
799-12-010,"7001 ROSANNA ST"
799-12-011,"7000 HANNA ST"
799-12-012,"7010 HANNA ST"
799-12-013,"7020 HANNA ST"
799-12-014,"7030 HANNA ST"
799-12-015,"7040 HANNA ST"
799-12-016,"7050 HANNA ST"
799-12-017,"7060 HANNA ST"
799-12-018,"7070 HANNA ST"
799-12-019,"7080 HANNA ST"
799-12-020,"7090 HANNA ST"
799-12-021,"350 W 9TH ST"
799-12-022,"321 W 9TH ST"
799-12-023,"7100 HANNA ST"
799-12-024,"7120 HANNA ST"
799-12-025,"7130 HANNA ST"
799-12-026,"7140 HANNA ST"
799-12-027,"7150 HANNA ST"
799-12-028,"7160 HANNA ST"
799-12-029,"7170 HANNA ST"
799-12-030,"7190 HANNA ST"
799-12-031,"360 W 8TH ST"
799-12-032,"350 W 8TH ST"
799-12-033,"7191 ROSANNA ST"
799-12-034,"7171 ROSANNA ST"
799-12-035,"7161 ROSANNA ST"
799-12-036,"7151 ROSANNA ST"
799-12-038,"7121 ROSANNA ST"
799-12-039,"7111 ROSANNA ST"
799-12-040,"7101 ROSANNA ST"
799-12-041,"7131 ROSANNA ST"
799-12-042,"7125 ROSANNA ST"
799-13-001,"7060 PRINCEVALLE ST"
799-13-002,"670 W 9TH ST"
799-13-003,"640 W 9TH ST"
799-13-004,"620 W 9TH ST"
799-13-005,"600 W 9TH ST"
799-13-006,"580 W 9TH ST"
799-13-007,"560 W 9TH ST"
799-13-008,"540 W 9TH ST"
799-13-009,"520 W 9TH ST"
799-13-010,"500 W 9TH ST"
799-13-011,"490 W 9TH ST"
799-13-012,"460 W 9TH ST"
799-13-013,"450 W 9TH ST"
799-13-014,"420 W 9TH ST"
799-13-015,"400 W 9TH ST"
799-13-016,"401 FAIRVIEW DR"
799-13-017,"421 FAIRVIEW DR"
799-13-018,"431 FAIRVIEW DR"
799-13-019,"451 FAIRVIEW DR"
799-13-020,"471 FAIRVIEW DR"
799-13-021,"501 FAIRVIEW DR"
799-13-022,"521 FAIRVIEW DR"
799-13-023,"551 FAIRVIEW DR"
799-13-024,"561 FAIRVIEW DR"
799-13-025,"591 FAIRVIEW DR"
799-13-026,"601 FAIRVIEW DR"
799-13-027,"621 FAIRVIEW DR"
799-13-028,"641 FAIRVIEW DR"
799-13-029,"671 FAIRVIEW DR"
799-13-030,"7050 PRINCEVALLE ST"
799-13-031,"7010 PRINCEVALLE ST"
799-13-032,"620 FAIRVIEW DR"
799-13-033,"610 FAIRVIEW DR"
799-13-034,"590 FAIRVIEW DR"
799-13-035,"570 FAIRVIEW DR"
799-13-036,"540 FAIRVIEW DR"
799-13-037,"520 FAIRVIEW DR"
799-13-038,"510 FAIRVIEW DR"
799-13-039,"480 FAIRVIEW DR"
799-13-040,"460 FAIRVIEW DR"
799-13-041,"440 FAIRVIEW DR"
799-13-042,"420 FAIRVIEW DR"
799-13-043,"400 FAIRVIEW DR"
799-13-044,"401 W 10TH ST"
799-13-045,"421 W 10TH ST"
799-13-046,"441 W 10TH ST"
799-13-047,"461 W 10TH ST"
799-13-048,"481 W 10TH ST"
799-13-049,"511 W 10TH ST"
799-13-050,"521 W 10TH ST"
799-13-051,"541 W 10TH ST"
799-13-052,"571 W 10TH ST"
799-13-053,"591 W 10TH ST"
799-13-054,"611 W 10TH ST"
799-13-055,"621 W 10TH ST"
799-13-056,"641 W 10TH ST"
799-13-057,"661 W 10TH ST"
799-13-059,"7000 PRINCEVALLE ST"
799-14-001,"600 W 8TH ST"
799-14-002,""
799-15-001,"430 W 7TH ST"
799-15-002,"7297 HANNA ST"
799-15-003,"7289 HANNA ST"
799-15-004,"7281 HANNA ST"
799-15-005,"7273 HANNA ST"
799-15-006,"7265 HANNA ST"
799-15-007,"7257 HANNA ST"
799-15-008,"7249 HANNA ST"
799-15-009,"7241 HANNA ST"
799-15-010,"7233 HANNA ST"
799-15-011,"7225 HANNA ST"
799-15-012,"7217 HANNA ST"
799-15-013,"7209 HANNA ST"
799-15-014,"447 W 8TH ST"
799-15-016,"7216 DOWDY ST"
799-15-017,"7224 DOWDY ST"
799-15-018,"7230 DOWDY ST"
799-15-019,"7240 DOWDY ST"
799-15-020,"7248 DOWDY ST"
799-15-021,"7256 DOWDY ST"
799-15-022,"7264 DOWDY ST"
799-15-023,"7272 DOWDY ST"
799-15-024,"440 W 7TH ST"
799-15-025,"338 W 7TH ST"
799-15-026,"7351 ROSANNA ST"
799-15-027,"7289 ROSANNA ST"
799-15-028,"7281 ROSANNA ST"
799-15-029,"7273 ROSANNA ST"
799-15-031,"7233 ROSANNA ST"
799-15-032,"7229 ROSANNA ST"
799-15-033,"7227 ROSANNA ST"
799-15-034,"7217 ROSANNA ST"
799-15-035,"7209 ROSANNA ST"
799-15-036,"7201 ROSANNA ST"
799-15-037,"355 W 8TH ST"
799-15-038,"7200 HANNA ST"
799-15-039,"7224 HANNA ST"
799-15-040,"7232 HANNA ST"
799-15-041,"7240 A HANNA ST"
799-15-042,"7250 HANNA ST"
799-15-043,"7254 HANNA ST"
799-15-045,"7264 HANNA ST"
799-15-046,"7272 HANNA ST"
799-15-047,"398 W 7TH ST"
799-15-048,"467 W 8TH ST #A-B"
799-15-049,"487 W 8TH ST"
799-15-050,"7260 HANNA ST"
799-15-051,"7256 HANNA ST"
799-15-052,"7257 ROSANNA ST"
799-15-053,""
799-15-999,""
799-16-001,"7297 CARMEL ST"
799-16-002,"7289 CARMEL ST"
799-16-003,"7281 CARMEL ST"
799-16-004,"7273 CARMEL ST"
799-16-005,"7265 CARMEL ST"
799-16-006,"7257 CARMEL ST"
799-16-007,"7249 CARMEL ST"
799-16-008,"7241 CARMEL ST"
799-16-009,"7233 CARMEL ST"
799-16-010,"7225 CARMEL ST"
799-16-011,"7217 CARMEL ST"
799-16-012,"7209 CARMEL ST"
799-16-013,"7201 CARMEL ST"
799-16-014,"7200 PRINCEVALLE ST"
799-16-015,"7208 PRINCEVALLE ST"
799-16-016,"7216 PRINCEVALLE ST"
799-16-017,"7224 PRINCEVALLE ST"
799-16-018,"7232 PRINCEVALLE ST"
799-16-019,"7240 PRINCEVALLE ST"
799-16-020,"7248 PRINCEVALLE ST"
799-16-021,"7256 PRINCEVALLE ST"
799-16-022,"7264 PRINCEVALLE ST"
799-16-023,"7272 A PRINCEVALLE ST"
799-16-024,"7280 PRINCEVALLE ST"
799-16-025,"7288 PRINCEVALLE ST"
799-16-026,"7296 PRINCEVALLE ST"
799-16-027,"7289 DOWDY ST"
799-16-028,"7281 DOWDY ST"
799-16-029,"7273 DOWDY ST"
799-16-030,"7265 DOWDY ST"
799-16-031,"7257 DOWDY ST"
799-16-032,"7249 DOWDY ST"
799-16-033,"7241 DOWDY ST"
799-16-034,"7233 DOWDY ST"
799-16-035,"7225 DOWDY ST"
799-16-036,"7217 DOWDY ST"
799-16-037,"7209 DOWDY ST"
799-16-038,"7201 DOWDY ST"
799-16-039,"7200 CARMEL ST"
799-16-040,"7208 CARMEL ST"
799-16-041,"7216 CARMEL ST"
799-16-042,"7224 CARMEL ST"
799-16-043,"7232 CARMEL ST"
799-16-044,"7240 CARMEL ST"
799-16-045,"7248 CARMEL ST"
799-16-046,"7256 CARMEL ST"
799-16-047,"7264 CARMEL ST"
799-16-048,"7272 CARMEL ST"
799-16-049,"7280 CARMEL ST"
799-16-050,"7288 CARMEL ST"
799-16-051,"7296 CARMEL ST"
799-17-001,"600 W 6TH ST"
799-17-002,"7371 CARMEL ST"
799-17-003,"7361 CARMEL ST"
799-17-004,"7351 CARMEL ST"
799-17-005,"7341 CARMEL ST"
799-17-006,"7331 CARMEL ST"
799-17-007,"7321 CARMEL ST"
799-17-008,"7311 CARMEL ST"
799-17-009,"7310 PRINCEVALLE ST"
799-17-010,"7320 PRINCEVALLE ST"
799-17-011,"7330 PRINCEVALLE ST"
799-17-012,"7340 PRINCEVALLE ST"
799-17-013,"7350 PRINCEVALLE ST"
799-17-014,"7360 PRINCEVALLE ST"
799-17-015,"7390 PRINCEVALLE ST"
799-17-016,"7391 DOWDY ST"
799-17-017,"7381 DOWDY ST"
799-17-018,"7371 DOWDY ST"
799-17-019,"7361 DOWDY ST"
799-17-020,"7351 DOWDY ST"
799-17-021,"7341 DOWDY ST"
799-17-022,"7331 DOWDY ST"
799-17-023,"7321 DOWDY ST"
799-17-024,"7311 DOWDY ST"
799-17-025,"7310 CARMEL ST"
799-17-026,"7320 CARMEL ST"
799-17-027,"7330 CARMEL ST"
799-17-028,"7340 CARMEL ST"
799-17-029,"7350 CARMEL ST"
799-17-030,"7360 CARMEL ST"
799-17-031,"7370 CARMEL ST"
799-17-032,"7380 CARMEL ST"
799-17-033,"7390 CARMEL ST"
799-17-048,"7350 DOWDY ST"
799-17-049,"7360 DOWDY ST"
799-17-050,"7370 DOWDY ST"
799-17-051,"7380 DOWDY ST"
799-17-052,"7390 DOWDY ST"
799-17-066,"350 W 6TH ST"
799-17-069,""
799-17-071,"7300 DOWDY ST"
799-18-001,"651 W 6TH ST"
799-18-002,"546 5TH ST"
799-18-003,"536 5TH ST"
799-18-004,"7481 DOWDY ST"
799-18-005,"7471 DOWDY ST"
799-18-006,"7461 DOWDY ST"
799-18-007,"7451 DOWDY ST"
799-18-008,"7441 DOWDY ST"
799-18-009,"7431 DOWDY ST"
799-18-010,"7421 DOWDY ST"
799-18-011,"7411 DOWDY ST"
799-18-012,"7401 DOWDY ST"
799-18-013,"7400 CARMEL ST"
799-18-014,"7410 CARMEL ST"
799-18-015,"7420 CARMEL ST"
799-18-016,"7430 CARMEL ST"
799-18-017,"7440 CARMEL ST"
799-18-018,"7450 CARMEL ST"
799-18-019,"7460 CARMEL ST"
799-18-020,"7470 CARMEL ST"
799-18-021,"7480 CARMEL ST"
799-18-022,"590 5TH ST"
799-18-023,"484 5TH ST"
799-18-024,"410 5TH ST"
799-18-025,"400 5TH ST"
799-18-026,"7471 HANNA ST"
799-18-027,"7461 HANNA ST"
799-18-028,"7451 HANNA ST"
799-18-029,"7441 HANNA ST"
799-18-030,"7431 HANNA ST"
799-18-031,"7421 HANNA ST"
799-18-032,"7411 HANNA ST"
799-18-033,"7401 HANNA ST"
799-18-034,"7400 DOWDY ST"
799-18-035,"7410 DOWDY ST"
799-18-036,"7420 DOWDY ST"
799-18-037,"7430 DOWDY ST"
799-18-038,"7440 DOWDY ST"
799-18-039,"7450 DOWDY ST"
799-18-040,"7460 DOWDY ST"
799-18-041,"7470 DOWDY ST"
799-18-042,"494 5TH ST"
799-18-043,"366 5TH ST"
799-18-044,"338 5TH ST"
799-18-045,"314 5TH ST"
799-18-046,"7479 ROSANNA ST"
799-18-047,"7463 ROSANNA ST"
799-18-048,"7451 ROSANNA ST"
799-18-049,"7443 ROSANNA ST"
799-18-050,"7427 ROSANNA ST"
799-18-051,"7415 ROSANNA ST"
799-18-052,"301 W 6TH ST"
799-18-053,"321 W 6TH ST"
799-18-054,"331 W 6TH ST"
799-18-055,"341 W 6TH ST"
799-18-056,"7420 HANNA ST"
799-18-057,"7430 HANNA ST"
799-18-058,"7440 HANNA ST"
799-18-059,"7466 HANNA ST"
799-18-061,"7476 HANNA ST"
799-18-062,"7486 HANNA ST"
799-19-001,"7581 CARMEL ST"
799-19-002,"7571 CARMEL ST"
799-19-003,"7561 CARMEL ST"
799-19-004,"7551 CARMEL ST"
799-19-005,"7541 CARMEL ST"
799-19-006,"7531 CARMEL ST"
799-19-007,"7521 CARMEL ST"
799-19-008,"7511 CARMEL ST"
799-19-009,"7501 CARMEL ST"
799-19-010,"665 5TH ST"
799-19-011,"7544 PRINCEVALLE ST"
799-19-012,"7548 PRINCEVALLE ST"
799-19-013,"7554 PRINCEVALLE ST"
799-19-014,"7580 PRINCEVALLE ST"
799-19-015,"7590 PRINCEVALLE ST"
799-19-016,"7581 DOWDY ST"
799-19-017,"7571 DOWDY ST"
799-19-018,"7561 DOWDY ST"
799-19-019,"7551 DOWDY ST"
799-19-020,"7541 DOWDY ST"
799-19-021,"7531 DOWDY ST"
799-19-022,"7521 DOWDY ST"
799-19-023,"7511 DOWDY ST"
799-19-024,"515 5TH ST"
799-19-025,"545 5TH ST"
799-19-026,"555 5TH ST"
799-19-027,"575 5TH ST"
799-19-028,"595 5TH ST"
799-19-029,"7510 CARMEL ST"
799-19-030,"7520 CARMEL ST"
799-19-031,"7530 CARMEL ST"
799-19-032,"7540 CARMEL ST"
799-19-033,"7550 CARMEL ST"
799-19-034,"7560 CARMEL ST"
799-19-035,"7570 CARMEL ST"
799-19-036,"440 4TH ST"
799-19-037,"7591 HANNA ST"
799-19-038,"7581 HANNA ST"
799-19-039,"7571 HANNA ST"
799-19-040,"7551 HANNA ST"
799-19-041,"7541 HANNA ST"
799-19-042,"7521 HANNA ST"
799-19-043,"415 5TH ST"
799-19-044,"445 5TH ST"
799-19-045,"495 5TH ST"
799-19-046,"7520 DOWDY ST"
799-19-047,"7526 DOWDY ST"
799-19-048,"7540 DOWDY ST"
799-19-049,"7550 DOWDY ST"
799-19-050,"7560 DOWDY ST"
799-19-051,"7570 DOWDY ST"
799-19-052,"7580 DOWDY ST"
799-19-053,"7590 DOWDY ST"
799-19-054,"328 4TH ST"
799-19-055,"7591 ROSANNA ST"
799-19-056,"7581 ROSANNA ST"
799-19-059,"7551 ROSANNA ST"
799-19-060,"7541 ROSANNA ST"
799-19-061,"7531 ROSANNA ST"
799-19-062,"323 5TH ST"
799-19-063,"365 5TH ST"
799-19-064,"391 5TH ST"
799-19-065,"7520 HANNA ST"
799-19-066,"7540 HANNA ST"
799-19-067,"7550 HANNA ST"
799-19-068,"7560 HANNA ST"
799-19-069,"7570 HANNA ST"
799-19-070,"7580 HANNA ST"
799-19-071,"7590 HANNA ST"
799-19-072,"7571 ROSANNA ST"
799-19-073,"7561 ROSANNA ST"
799-20-001,"430 1ST ST"
799-20-002,"420 1ST ST"
799-20-004,"7861 HANNA ST"
799-20-005,"7851 HANNA ST"
799-20-006,"7841 HANNA ST"
799-20-007,"7831 HANNA ST"
799-20-008,"7821 HANNA ST"
799-20-009,"7811 HANNA ST"
799-20-011,""
799-20-012,"7871 HANNA ST"
799-20-016,""
799-20-017,""
799-21-001,"7991 CARMEL ST"
799-21-002,"7971 CARMEL ST"
799-21-003,"7951 CARMEL ST"
799-21-004,"7931 CARMEL ST"
799-21-005,"2ND ST"
799-21-006,"7930 PRINCEVALLE ST"
799-21-007,"7940 PRINCEVALLE ST"
799-21-008,"7950 PRINCEVALLE ST"
799-21-009,"7960 PRINCEVALLE ST"
799-21-010,"7970 PRINCEVALLE ST"
799-21-011,"660 1ST ST"
799-21-012,"7941 PRINCEVALLE ST"
799-21-013,"7931 PRINCEVALLE ST"
799-21-014,"7901 PRINCEVALLE ST"
799-21-015,"7891 PRINCEVALLE ST"
799-21-016,"7881 PRINCEVALLE ST"
799-21-017,"7861 PRINCEVALLE ST"
799-21-018,"7851 PRINCEVALLE ST"
799-21-019,"7841 PRINCEVALLE ST"
799-21-020,"7831 PRINCEVALLE ST"
799-21-021,"7821 PRINCEVALLE ST"
799-21-022,"701 2ND ST"
799-21-023,"711 2ND ST"
799-21-024,"721 2ND ST"
799-21-025,"731 2ND ST"
799-21-026,"741 2ND ST"
799-21-027,"7800 MILLER AV"
799-21-028,"7810 MILLER AV"
799-21-029,"7820 MILLER AV"
799-21-030,"7830 MILLER AV"
799-21-031,"7840 MILLER AV"
799-21-032,"7850 MILLER AV"
799-21-033,"7860 MILLER AV"
799-21-034,"7880 MILLER AV"
799-21-035,"7890 MILLER AV"
799-21-036,"7900 MILLER AV"
799-21-037,"7930 MILLER AV"
799-21-038,"7940 MILLER AV"
799-21-039,"7995 PRINCEVALLE ST"
799-22-001,"7791 REA ST"
799-22-002,"7781 REA ST"
799-22-003,"7771 REA ST"
799-22-004,"7761 REA ST"
799-22-005,"7751 REA ST"
799-22-006,"7741 REA ST"
799-22-007,"7731 REA ST"
799-22-008,"7721 REA ST"
799-22-011,"7700 MILLER AV"
799-22-012,"7710 MILLER AV"
799-22-013,"7730 MILLER AV"
799-22-014,"7750 MILLER AV"
799-22-017,"7791 PRINCEVALLE ST"
799-22-018,"7771 PRINCEVALLE ST"
799-22-019,"7751 PRINCEVALLE ST"
799-22-020,"7731 PRINCEVALLE ST"
799-22-021,"7711 PRINCEVALLE ST"
799-22-022,"721 3RD ST"
799-22-023,"7700 REA ST"
799-22-024,"7720 REA ST"
799-22-025,"7740 REA ST"
799-22-026,"7750 REA ST"
799-22-027,"7760 REA ST"
799-22-028,"7770 REA ST"
799-22-029,"7780 REA ST"
799-22-030,"730 2ND ST"
799-22-031,"7791 CARMEL ST"
799-22-032,"7771 CARMEL ST"
799-22-033,"7751 CARMEL ST"
799-22-034,"7731 CARMEL ST"
799-22-035,"7721 CARMEL ST"
799-22-036,"601 3RD ST"
799-22-037,"7700 PRINCEVALLE ST"
799-22-038,"7720 PRINCEVALLE ST"
799-22-039,"7730 PRINCEVALLE ST"
799-22-040,"7750 PRINCEVALLE ST"
799-22-041,"7770 PRINCEVALLE ST"
799-22-042,"7790 PRINCEVALLE ST"
799-22-043,"7770 MILLER AV"
799-22-044,"7790 MILLER AV"
799-22-045,"831 3RD ST"
799-22-046,"7701 REA ST"
799-23-001,"800 THIRD ST"
799-23-002,"7691 REA ST"
799-23-003,"7681 REA ST"
799-23-004,"7671 REA ST"
799-23-005,"7661 REA ST"
799-23-006,"7651 REA ST"
799-23-007,"7641 REA ST"
799-23-008,"741 FOURTH ST"
799-23-009,"751 FOURTH ST"
799-23-010,"761 FOURTH ST"
799-23-011,"769 FOURTH ST"
799-23-012,"771 FOURTH ST"
799-23-013,"781 FOURTH ST"
799-23-014,"791 FOURTH ST"
799-23-015,"7600 MILLER AV"
799-23-016,"7610 MILLER AV"
799-23-017,"7626 MILLER AV"
799-23-018,"7634 MILLER AV"
799-23-019,"7640 MILLER AV"
799-23-020,"7650 MILLER AV"
799-23-021,"7660 MILLER AV"
799-23-022,"7670 MILLER AV"
799-23-023,"860 THIRD ST"
799-23-024,"850 THIRD ST"
799-23-025,"7691 PRINCEVALLE ST"
799-23-026,"7681 PRINCEVALLE ST"
799-23-027,"7671 PRINCEVALLE ST"
799-23-028,"7661 PRINCEVALLE ST"
799-23-029,"7651 PRINCEVALLE ST"
799-23-030,"7641 PRINCEVALLE ST"
799-23-031,"7631 PRINCEVALLE ST"
799-23-032,"701 FOURTH ST"
799-23-033,"711 FOURTH ST"
799-23-034,"721 FOURTH ST"
799-23-035,"731 FOURTH ST"
799-23-036,"7630 REA ST"
799-23-037,"7640 REA ST"
799-23-038,"7650 REA ST"
799-23-039,"7660 REA ST"
799-23-040,"7670 REA ST"
799-23-041,"7680 REA ST"
799-23-042,"720 THIRD ST"
799-23-043,"7691 CARMEL ST"
799-23-044,"7671 CARMEL ST"
799-23-045,"7661 CARMEL ST"
799-23-046,"7651 CARMEL ST"
799-23-047,"7641 CARMEL ST"
799-23-048,"7631 CARMEL ST"
799-23-049,"7621 CARMEL ST"
799-23-050,"7601 CARMEL ST"
799-23-051,"7610 PRINCEVALLE ST"
799-23-052,"7630 PRINCEVALLE ST"
799-23-053,"7640 PRINCEVALLE ST"
799-23-054,"7650 PRINCEVALLE ST"
799-23-055,"7660 PRINCEVALLE ST"
799-23-056,"7670 PRINCEVALLE ST"
799-23-057,"7680 PRINCEVALLE ST"
799-24-002,"7555 PRINCEVALLE ST"
799-24-004,"7515 PRINCEVALLE ST"
799-24-005,"701 5TH ST"
799-24-006,"711 5TH ST"
799-24-007,"721 5TH ST"
799-24-008,"727 5TH ST"
799-24-009,"731 5TH ST"
799-24-010,"741 5TH ST"
799-24-011,"751 5TH ST"
799-24-012,"761 5TH ST"
799-24-013,"771 5TH ST"
799-24-015,"791 5TH ST"
799-24-016,"797 5TH ST"
799-24-017,"801 5TH ST"
799-24-018,"811 5TH ST"
799-24-019,"821 5TH ST"
799-24-020,"831 5TH ST"
799-24-021,"841 5TH ST"
799-24-022,"7500 MILLER AV"
799-24-023,"7540 MILLER AV"
799-24-024,"7560 MILLER AV"
799-24-025,""
799-24-026,"7580 MILLER AV"
799-24-027,"790 4TH ST"
799-24-028,"780 4TH ST"
799-24-029,"770 4TH ST"
799-24-030,"90 MONTE VISTA WY"
799-24-031,"80 MONTE VISTA WY"
799-24-032,"70 MONTE VISTA WY"
799-24-033,"60 MONTE VISTA WY"
799-24-034,"50 MONTE VISTA WY"
799-24-037,"30 MONTE VISTA WY"
799-24-038,"20 MONTE VISTA WY"
799-24-039,"10 MONTE VISTA WY"
799-24-040,"8 MONTE VISTA WY"
799-24-041,"740 4TH ST"
799-24-042,"2 MONTE VISTA WY"
799-24-043,"3 MONTE VISTA WY"
799-24-044,"4 MONTE VISTA WY"
799-24-045,"5 MONTE VISTA WY"
799-24-046,"6 MONTE VISTA WY"
799-24-047,"760 4TH ST"
799-24-048,"750 4TH ST"
799-24-049,"1 MONTE VISTA WY"
799-24-050,"40 MONTE VISTA WY"
799-24-051,"710 4TH ST"
799-24-052,"7595 PRINCEVALLE ST"
799-24-053,"771 5TH ST"
799-24-054,"781 5TH ST"
799-24-055,"7545 PRINCEVALLE ST"
799-24-056,"7525 PRINCEVALLE ST"
799-25-001,"7481 PRINCEVALLE ST"
799-25-002,"711 ESCHENBURG DR"
799-25-003,"721 ESCHENBURG DR"
799-25-004,"727 ESCHENBURG DR"
799-25-005,"731 ESCHENBURG DR"
799-25-006,"737 ESCHENBURG DR"
799-25-007,"741 ESCHENBURG DR"
799-25-008,"747 ESCHENBURG DR"
799-25-009,"751 ESCHENBURG DR"
799-25-010,"761 ESCHENBURG DR"
799-25-011,"771 ESCHENBURG DR"
799-25-012,"781 ESCHENBURG DR"
799-25-013,"791 ESCHENBURG DR"
799-25-014,"797 ESCHENBURG DR"
799-25-015,"801 ESCHENBURG DR"
799-25-016,"811 ESCHENBURG DR"
799-25-017,"821 ESCHENBURG DR"
799-25-018,"831 ESCHENBURG DR"
799-25-019,"7460 MILLER AV"
799-25-020,"7490 MILLER AV"
799-25-021,"840 5TH ST"
799-25-022,"820 5TH ST"
799-25-023,"800 5TH ST"
799-25-024,"790 5TH ST"
799-25-025,"780 5TH ST"
799-25-026,"770 5TH ST"
799-25-027,"760 5TH ST"
799-25-028,"750 5TH ST"
799-25-029,"740 5TH ST"
799-25-030,"736 5TH ST"
799-25-031,"730 5TH ST"
799-25-032,"726 5TH ST"
799-25-033,"720 5TH ST"
799-25-034,"710 5TH ST"
799-25-035,"700 5TH ST"
799-25-036,"701 W 6TH ST"
799-25-037,"711 W 6TH ST"
799-25-038,"721 W 6TH ST"
799-25-039,"727 W 6TH ST"
799-25-040,"731 W 6TH ST"
799-25-041,"737 W 6TH ST"
799-25-042,"741 W 6TH ST"
799-25-043,"747 W 6TH ST"
799-25-044,"751 W 6TH ST"
799-25-045,"761 W 6TH ST"
799-25-046,"771 W 6TH ST"
799-25-047,"781 W 6TH ST"
799-25-048,"791 W 6TH ST"
799-25-049,"801 W 6TH ST"
799-25-050,"811 W 6TH ST"
799-25-051,"821 W 6TH ST"
799-25-052,"831 W 6TH ST"
799-25-053,"841 W 6TH ST"
799-25-054,"7400 MILLER AV"
799-25-055,"7440 MILLER AV"
799-25-056,"840 ESCHENBURG DR"
799-25-057,"830 ESCHENBURG DR"
799-25-058,"820 ESCHENBURG DR"
799-25-059,"810 ESCHENBURG DR"
799-25-060,"800 ESCHENBURG DR"
799-25-061,"790 ESCHENBURG DR"
799-25-062,"780 ESCHENBURG DR"
799-25-063,"770 ESCHENBURG DR"
799-25-064,"760 ESCHENBURG DR"
799-25-065,"750 ESCHENBURG DR"
799-25-066,"746 ESCHENBURG DR"
799-25-067,"740 ESCHENBURG DR"
799-25-068,"736 ESCHENBURG DR"
799-25-069,"730 ESCHENBURG DR"
799-25-070,"726 ESCHENBURG DR"
799-25-071,"720 ESCHENBURG DR"
799-25-072,"716 ESCHENBURG DR"
799-25-073,"700 ESCHENBURG DR"
799-26-001,"750 W 6TH ST"
799-26-002,"7391 ORCHARD DR"
799-26-003,"755 CUMBERLAND DR"
799-26-004,"763 CUMBERLAND DR"
799-26-005,"771 CUMBERLAND DR"
799-26-006,"777 CUMBERLAND DR"
799-26-007,"783 CUMBERLAND DR"
799-26-008,"791 CUMBERLAND DR"
799-26-009,"799 CUMBERLAND DR"
799-26-010,"805 CUMBERLAND DR"
799-26-011,"811 CUMBERLAND DR"
799-26-012,"819 CUMBERLAND DR"
799-26-013,"827 CUMBERLAND DR"
799-26-014,"833 CUMBERLAND DR"
799-26-015,"841 CUMBERLAND DR"
799-26-016,"849 CUMBERLAND DR"
799-26-017,"7390 MILLER AV"
799-26-018,"844 W 6TH ST"
799-26-019,"840 W 6TH ST"
799-26-020,"830 W 6TH ST"
799-26-021,"820 W 6TH ST"
799-26-022,"810 W 6TH ST"
799-26-023,"800 W 6TH ST"
799-26-024,"790 W 6TH ST"
799-26-025,"780 W 6TH ST"
799-26-026,"770 W 6TH ST"
799-26-027,"760 W 6TH ST"
799-26-028,"7360 ORCHARD DR"
799-26-029,"7370 ORCHARD DR"
799-26-030,"7380 ORCHARD DR"
799-26-031,"7390 ORCHARD DR"
799-26-032,"730 W 6TH ST"
799-26-033,"700 W 6TH ST"
799-26-037,"700 W 6TH ST"
799-26-044,"725 GEORGETOWN PL"
799-26-045,"735 GEORGETOWN PL"
799-26-046,"745 GEORGETOWN PL"
799-26-048,"721 GEORGETOWN PL"
799-26-049,"700 W 6TH ST"
799-26-050,""
799-26-051,"700 W 6TH ST"
799-26-052,""
799-26-053,"7315 PRINCEVALLE ST"
799-26-054,"705 GEORGETOWN PL"
799-26-055,"711 GEORGETOWN PL"
799-27-001,"7345 TICONDEROGA PL"
799-27-002,"7331 TICONDEROGA PL"
799-27-003,"7317 TICONDEROGA PL"
799-27-004,"7303 TICONDEROGA PL"
799-27-005,"7289 TICONDEROGA PL"
799-27-006,"7275 TICONDEROGA PL"
799-27-007,"7261 TICONDEROGA PL"
799-27-008,"7247 TICONDEROGA PL"
799-27-009,"7240 TICONDEROGA PL"
799-27-010,"7250 TICONDEROGA PL"
799-27-011,"7264 TICONDEROGA PL"
799-27-012,"7278 TICONDEROGA PL"
799-27-013,"7292 TICONDEROGA PL"
799-27-014,"7306 TICONDEROGA PL"
799-27-015,"7320 TICONDEROGA PL"
799-27-016,"7334 TICONDEROGA PL"
799-27-017,"7348 TICONDEROGA PL"
799-27-018,"7345 NANTUCKET PL"
799-27-019,"7335 NANTUCKET PL"
799-27-020,"7325 NANTUCKET PL"
799-27-021,"7315 NANTUCKET PL"
799-27-022,"7305 NANTUCKET PL"
799-27-023,"7303 NANTUCKET PL"
799-27-024,"7300 NANTUCKET PL"
799-27-025,"7310 NANTUCKET PL"
799-27-026,"7320 NANTUCKET PL"
799-27-027,"7330 NANTUCKET PL"
799-27-028,"7340 NANTUCKET PL"
799-27-029,"7350 NANTUCKET PL"
799-27-030,"7345 ORCHARD DR"
799-27-031,"7335 ORCHARD DR"
799-27-032,"7325 ORCHARD DR"
799-27-033,"7315 ORCHARD DR"
799-27-034,"7305 ORCHARD DR"
799-27-035,"7295 ORCHARD DR"
799-27-036,"7285 ORCHARD DR"
799-27-037,"7275 ORCHARD DR"
799-27-038,"7265 ORCHARD DR"
799-27-039,"7255 ORCHARD DR"
799-27-040,"845 HUDSON PL"
799-27-041,"855 HUDSON PL"
799-27-042,"865 HUDSON PL"
799-27-043,"860 HUDSON PL"
799-27-044,"854 HUDSON PL"
799-27-045,"848 HUDSON PL"
799-27-046,"842 HUDSON PL"
799-27-047,"836 HUDSON PL"
799-27-048,"830 HUDSON PL"
799-27-049,"825 W 8TH ST"
799-27-050,"835 W 8TH ST"
799-27-051,"845 W 8TH ST"
799-27-052,"855 W 8TH ST"
799-27-053,"865 W 8TH ST"
799-27-054,"875 W 8TH ST"
799-27-055,"885 W 8TH ST"
799-27-056,"895 W 8TH ST"
799-27-057,"905 W 8TH ST"
799-27-058,"915 W 8TH ST"
799-27-059,"7200 W MILLER AV"
799-27-060,"7218 MILLER AV"
799-27-061,"7236 MILLER AV"
799-27-062,"7250 MILLER AV"
799-27-063,"7268 MILLER AV"
799-27-064,"7280 MILLER AV"
799-27-065,"7300 MILLER AV"
799-27-066,"7318 MILLER AV"
799-27-067,"7334 MILLER AV"
799-28-001,"7195 SARATOGA PL"
799-28-002,"7189 SARATOGA PL"
799-28-003,"7183 SARATOGA PL"
799-28-004,"7177 SARATOGA PL"
799-28-005,"7171 SARATOGA PL"
799-28-006,"7165 SARATOGA PL"
799-28-007,"7172 SARATOGA PL"
799-28-008,"7178 SARATOGA PL"
799-28-009,"7184 SARATOGA PL"
799-28-010,"7190 SARATOGA PL"
799-28-011,"7196 SARATOGA PL"
799-28-012,"7195 REVERE PL"
799-28-013,"7196 REVERE PL"
799-28-014,"880 W 8TH ST"
799-28-015,"870 W 8TH ST"
799-28-016,"860 W 8TH ST"
799-28-017,"850 W 8TH ST"
799-28-018,"840 W 8TH ST"
799-28-019,"7185 REVERE PL"
799-28-020,"7175 REVERE PL"
799-28-021,"7165 REVERE PL"
799-28-022,"7155 REVERE PL"
799-28-023,"7150 REVERE PL"
799-28-024,"7160 REVERE PL"
799-28-025,"7170 REVERE PL"
799-28-026,"7185 ORCHARD DR"
799-28-027,"7175 ORCHARD DR"
799-28-028,"7165 ORCHARD DR"
799-28-029,"7155 ORCHARD DR"
799-28-030,"7160 UTICA PL"
799-28-031,"7170 UTICA PL"
799-28-032,"7180 UTICA PL"
799-28-033,"7175 UTICA PL"
799-28-034,"7165 UTICA PL"
799-28-035,"7155 UTICA PL"
799-28-036,"885 PLYMOUTH DR"
799-28-037,"895 PLYMOUTH DR"
799-28-038,"905 PLYMOUTH DR"
799-28-039,"915 PLYMOUTH DR"
799-28-040,"925 PLYMOUTH DR"
799-28-041,"7170 ALBANY PL"
799-28-042,"7180 ALBANY PL"
799-28-043,"7185 ALBANY PL"
799-28-044,"7175 ALBANY PL"
799-28-045,"7165 ALBANY PL"
799-28-046,"7160 YORKTOWN DR"
799-28-047,"7180 YORKTOWN DR"
799-28-048,"7190 YORKTOWN DR"
799-28-049,"7200 YORKTOWN DR"
799-28-050,"7210 YORKTOWN DR"
799-28-051,"7220 YORKTOWN DR"
799-28-052,"7230 YORKTOWN DR"
799-28-053,"7240 YORKTOWN DR"
799-28-054,"7250 YORKTOWN DR"
799-28-055,"980 MILLER AV"
799-28-056,"970 MILLER AV"
799-28-057,"960 MILLER AV"
799-28-058,"950 MILLER AV"
799-29-001,"7220 ORCHARD DR"
799-29-002,"7230 ORCHARD DR"
799-29-003,"7240 ORCHARD DR"
799-29-004,"7250 ORCHARD DR"
799-29-005,"7260 ORCHARD DR"
799-29-006,"7270 ORCHARD DR"
799-29-007,"7280 ORCHARD DR"
799-29-008,"7290 ORCHARD DR"
799-29-009,"7300 ORCHARD DR"
799-29-010,"7310 ORCHARD DR"
799-29-011,"7320 ORCHARD DR"
799-29-012,"7330 ORCHARD DR"
799-29-013,"7350 ORCHARD DR"
799-29-014,"740 GEORGETOWN PL"
799-29-015,"734 GEORGETOWN PL"
799-29-016,"730 GEORGETOWN PL"
799-29-017,"724 GEORGETOWN PL"
799-29-018,"720 GEORGETOWN PL"
799-29-019,"714 GEORGETOWN PL"
799-29-020,"710 GEORGETOWN PL"
799-29-021,"704 GEORGETOWN PL"
799-29-022,"700 GEORGETOWN PL"
799-29-023,"701 LEXINGTON PL"
799-29-024,"705 LEXINGTON PL"
799-29-025,"711 LEXINGTON PL"
799-29-026,"715 LEXINGTON PL"
799-29-027,"721 LEXINGTON PL"
799-29-028,"725 LEXINGTON PL"
799-29-029,"731 LEXINGTON PL"
799-29-030,"735 LEXINGTON PL"
799-29-031,"745 LEXINGTON PL"
799-29-032,"750 LEXINGTON PL"
799-29-033,"740 LEXINGTON PL"
799-29-034,"734 LEXINGTON PL"
799-29-035,"730 LEXINGTON PL"
799-29-036,"724 LEXINGTON PL"
799-29-037,"720 LEXINGTON PL"
799-29-038,"714 LEXINGTON PL"
799-29-039,"710 LEXINGTON PL"
799-29-040,"704 LEXINGTON PL"
799-29-041,"700 LEXINGTON PL"
799-29-042,"7245 PRINCEVALLE ST"
799-29-043,"7235 PRINCEVALLE ST"
799-29-044,"7225 PRINCEVALLE ST"
799-29-045,"7215 PRINCEVALLE ST"
799-29-046,"7205 PRINCEVALLE ST"
799-29-047,"7200 TRENTON PL"
799-29-048,"7206 TRENTON PL"
799-29-049,"7212 TRENTON PL"
799-29-050,"7218 TRENTON PL"
799-29-051,"7224 TRENTON PL"
799-29-052,"7225 TRENTON PL"
799-29-053,"7235 TRENTON PL"
799-29-054,"7245 TRENTON PL"
799-29-055,"7250 TRENTON PL"
799-29-056,"7240 TRENTON PL"
799-29-057,"7230 TRENTON PL"
799-29-058,"7220 TRENTON PL"
799-29-059,"745 W 8TH ST"
799-29-060,"755 W 8TH ST"
799-29-061,"765 W 8TH ST"
799-29-062,"775 W 8TH ST"
799-29-063,"785 W 8TH ST"
799-29-064,"7200 PRINCETON PL"
799-29-065,"7210 PRINCETON PL"
799-29-066,"7220 PRINCETON PL"
799-29-067,"7230 PRINCETON PL"
799-29-068,"7240 PRINCETON PL"
799-29-069,"7250 PRINCETON PL"
799-29-070,"7245 PRINCETON PL"
799-29-071,"7235 PRINCETON PL"
799-29-072,"7225 PRINCETON PL"
799-29-073,"7215 PRINCETON PL"
799-29-074,"7205 PRINCETON PL"
799-29-075,"7210 ORCHARD DR"
799-30-001,""
799-30-002,""
799-37-002,"7180 ORCHARD DR"
799-37-003,"7195 HARVARD PL"
799-37-004,"7190 HARVARD PL"
799-37-005,"790 W 8TH ST"
799-37-006,"780 W 8TH ST"
799-37-007,"770 W 8TH ST"
799-37-008,"760 W 8TH ST"
799-37-009,"750 W 8TH ST"
799-37-010,"740 W 8TH ST"
799-37-011,"730 W 8TH ST"
799-37-012,"720 W 8TH ST"
799-37-013,"710 W 8TH ST"
799-37-014,"700 W 8TH ST"
799-37-015,"705 DARTMOUTH PL"
799-37-016,"715 DARTMOUTH PL"
799-37-017,"725 DARTMOUTH PL"
799-37-018,"735 DARTMOUTH PL"
799-37-019,"745 DARTMOUTH PL"
799-37-020,"755 DARTMOUTH PL"
799-37-021,"750 DARTMOUTH PL"
799-37-022,"740 DARTMOUTH PL"
799-37-023,"730 DARTMOUTH PL"
799-37-024,"720 DARTMOUTH PL"
799-37-025,"710 DARTMOUTH PL"
799-37-026,"700 DARTMOUTH PL"
799-37-027,"705 W 9TH ST"
799-37-028,"711 W 9TH ST"
799-37-029,"715 W 9TH ST"
799-37-030,"721 W 9TH ST"
799-37-031,"725 W 9TH ST"
799-37-032,"731 W 9TH ST"
799-37-033,"7110 CONCORD PL"
799-37-034,"7120 CONCORD PL"
799-37-035,"7130 CONCORD PL"
799-37-036,"7140 CONCORD PL"
799-37-037,"7150 CONCORD PL"
799-37-038,"7145 CONCORD PL"
799-37-039,"7135 CONCORD PL"
799-37-040,"7125 CONCORD PL"
799-37-041,"7115 CONCORD PL"
799-37-042,"7105 CONCORD PL"
799-37-043,"755 W 9TH ST"
799-37-044,"761 W 9TH ST"
799-37-045,"765 W 9TH ST"
799-37-046,"771 W 9TH ST"
799-37-047,"775 W 9TH ST"
799-37-048,"7120 ORCHARD DR"
799-37-049,"7130 ORCHARD DR"
799-37-050,"7140 ORCHARD DR"
799-37-051,"7150 ORCHARD DR"
799-37-052,"7160 ORCHARD DR"
799-37-053,"7170 ORCHARD DR"
799-37-054,"7185 HARVARD PL"
799-37-055,"7175 HARVARD PL"
799-37-056,"7165 HARVARD PL"
799-37-057,"7155 HARVARD PL"
799-37-058,"7145 HARVARD PL"
799-37-059,"7140 HARVARD PL"
799-37-060,"7150 HARVARD PL"
799-37-061,"7160 HARVARD PL"
799-37-062,"7170 HARVARD PL"
799-37-063,"7180 HARVARD PL"
799-38-001,"7095 VALLEY FORGE DR"
799-38-002,"7085 VALLEY FORGE DR"
799-38-003,"7075 VALLEY FORGE DR"
799-38-004,"7065 VALLEY FORGE DR"
799-38-005,"7055 VALLEY FORGE DR"
799-38-006,"7045 VALLEY FORGE DR"
799-38-007,"7035 VALLEY FORGE DR"
799-38-008,"7025 VALLEY FORGE DR"
799-38-009,"7015 VALLEY FORGE DR"
799-38-010,"7010 VALLEY FORGE DR"
799-38-011,"7020 VALLEY FORGE DR"
799-38-012,"7030 VALLEY FORGE DR"
799-38-013,"7040 VALLEY FORGE DR"
799-38-014,"7050 VALLEY FORGE DR"
799-38-015,"7060 VALLEY FORGE DR"
799-38-016,"776 W 9TH ST"
799-38-017,"766 W 9TH ST"
799-38-018,"760 W 9TH ST"
799-38-019,"756 W 9TH ST"
799-38-020,"750 W 9TH ST"
799-38-021,"746 W 9TH ST"
799-38-022,"740 W 9TH ST"
799-38-023,"736 W 9TH ST"
799-38-024,"730 W 9TH ST"
799-38-025,"726 W 9TH ST"
799-38-026,"720 W 9TH ST"
799-38-027,"716 W 9TH ST"
799-38-028,"710 W 9TH ST"
799-38-029,"706 W 9TH ST"
799-38-030,"700 W 9TH ST"
799-38-032,"7010 ORCHARD DR"
799-38-033,"7020 ORCHARD DR"
799-38-034,"7030 ORCHARD DR"
799-38-035,"7040 ORCHARD DR"
799-38-036,"7050 ORCHARD DR"
799-38-037,"7060 ORCHARD DR"
799-38-038,"7070 ORCHARD DR"
799-38-039,"7080 ORCHARD DR"
799-38-040,"7090 ORCHARD DR"
799-38-041,"7100 ORCHARD DR"
799-38-042,"7110 ORCHARD DR"
799-39-001,"7155 POTOMAC PL"
799-39-002,"7145 POTOMAC PL"
799-39-003,"7135 POTOMAC PL"
799-39-004,"7125 POTOMAC PL"
799-39-005,"7115 POTOMAC PL"
799-39-006,"7100 POTOMAC PL"
799-39-007,"7110 POTOMAC PL"
799-39-008,"7120 POTOMAC PL"
799-39-009,"7130 POTOMAC PL"
799-39-010,"7140 POTOMAC PL"
799-39-011,"7150 POTOMAC PL"
799-39-012,"900 PLYMOUTH DR"
799-39-013,"890 PLYMOUTH DR"
799-39-014,"880 PLYMOUTH DR"
799-39-015,"870 PLYMOUTH DR"
799-39-016,"860 PLYMOUTH DR"
799-39-017,"850 PLYMOUTH DR"
799-39-018,"840 PLYMOUTH DR"
799-39-019,"835 DEARBORN PL"
799-39-020,"845 DEARBORN PL"
799-39-021,"855 DEARBORN PL"
799-39-022,"865 DEARBORN PL"
799-39-023,"875 DEARBORN PL"
799-39-024,"885 DEARBORN PL"
799-39-025,"895 DEARBORN PL"
799-39-026,"890 DEARBORN PL"
799-39-027,"880 DEARBORN PL"
799-39-028,"870 DEARBORN PL"
799-39-029,"860 DEARBORN PL"
799-39-030,"850 DEARBORN PL"
799-39-031,"845 CHESAPEAKE PL"
799-39-032,"855 CHESAPEAKE PL"
799-39-033,"865 CHESAPEAKE PL"
799-39-034,"875 CHESAPEAKE PL"
799-39-035,"885 CHESAPEAKE PL"
799-39-036,"895 CHESAPEAKE PL"
799-39-037,"905 CHESAPEAKE PL"
799-39-038,"915 CHESAPEAKE PL"
799-39-039,"925 CHESAPEAKE PL"
799-39-040,"910 CHESAPEAKE PL"
799-39-041,"900 CHESAPEAKE PL"
799-39-042,"890 CHESAPEAKE PL"
799-39-043,"880 CHESAPEAKE PL"
799-39-044,"870 CHESAPEAKE PL"
799-39-045,"860 CHESAPEAKE PL"
799-39-046,"850 CHESAPEAKE PL"
799-39-047,"865 GREENWICH DR"
799-39-048,"875 GREENWICH DR"
799-39-049,"885 GREENWICH DR"
799-39-050,"895 GREENWICH DR"
799-39-051,"905 GREENWICH DR"
799-39-052,"915 GREENWICH DR"
799-39-053,"7030 YORKTOWN DR"
799-39-054,"7040 YORKTOWN DR"
799-39-055,"7050 YORKTOWN DR"
799-39-056,"7060 YORKTOWN DR"
799-39-057,"7070 YORKTOWN DR"
799-39-058,"7080 YORKTOWN DR"
799-39-059,"7090 YORKTOWN DR"
799-39-060,"7100 YORKTOWN DR"
799-39-061,"7110 YORKTOWN DR"
799-39-062,"7120 YORKTOWN DR"
799-39-063,"7130 YORKTOWN DR"
799-39-064,"7140 YORKTOWN DR"
799-41-001,"975 ANDOVER PL"
799-41-002,"985 ANDOVER PL"
799-41-003,"995 ANDOVER PL"
799-41-004,"1000 ANDOVER PL"
799-41-005,"990 ANDOVER PL"
799-41-006,"980 ANDOVER PL"
799-41-007,"7235 YORKTOWN DR"
799-41-008,"7225 YORKTOWN DR"
799-41-009,"7215 YORKTOWN DR"
799-41-010,"7205 YORKTOWN DR"
799-41-011,"7195 YORKTOWN DR"
799-41-012,"7185 YORKTOWN DR"
799-41-013,"7175 YORKTOWN DR"
799-41-014,"7165 YORKTOWN DR"
799-41-015,"7155 YORKTOWN DR"
799-41-016,"7145 YORKTOWN DR"
799-41-017,"7135 YORKTOWN DR"
799-41-018,"7125 YORKTOWN DR"
799-41-019,"7115 YORKTOWN DR"
799-41-020,"7105 YORKTOWN DR"
799-41-021,"7095 YORKTOWN DR"
799-41-022,"7085 YORKTOWN DR"
799-41-023,"7075 YORKTOWN DR"
799-41-024,"7065 YORKTOWN DR"
799-41-025,"7055 YORKTOWN DR"
799-41-026,"7045 YORKTOWN DR"
799-41-027,"7035 YORKTOWN DR"
799-41-028,"7025 YORKTOWN DR"
799-41-029,"7015 YORKTOWN DR"
799-41-030,"930 GREENWICH DR"
799-41-031,"920 GREENWICH DR"
799-41-032,"910 GREENWICH DR"
799-41-033,"900 GREENWICH DR"
799-41-034,"890 GREENWICH DR"
799-41-035,"880 GREENWICH DR"
799-41-036,"870 GREENWICH DR"
799-41-037,"860 GREENWICH DR"
799-47-001,"743 GETTYSBURG WY"
799-47-002,"745 GETTYSBURG WY"
799-47-003,"749 GETTYSBURG WY"
799-47-004,"753 GETTYSBURG WY"
799-47-005,"755 GETTYSBURG WY"
799-47-006,"759 GETTYSBURG WY"
799-47-007,"763 GETTYSBURG WY"
799-47-008,"765 GETTYSBURG WY"
799-47-009,"769 GETTYSBURG WY"
799-47-010,"773 GETTYSBURG WY"
799-47-011,"775 GETTYSBURG WY"
799-47-012,"779 GETTYSBURG WY"
799-47-013,"7024 MT VERNON WY"
799-47-014,"7034 MT VERNON WY"
799-47-015,"7044 MT VERNON WY"
799-47-016,"7054 MT VERNON WY"
799-47-017,"7064 MT VERNON WY"
799-47-018,"7074 MT VERNON WY"
799-47-019,"780 WILLIAMSBURG WY"
799-47-020,"778 WILLIAMSBURG WY"
799-47-021,"776 WILLIAMSBURG WY"
799-47-022,"770 WILLIAMSBURG WY"
799-47-023,"768 WILLIAMSBURG WY"
799-47-024,"766 WILLIAMSBURG WY"
799-47-025,"760 WILLIAMSBURG WY"
799-47-026,"758 WILLIAMSBURG WY"
799-47-027,"756 WILLIAMSBURG WY"
799-47-028,"750 WILLIAMSBURG WY"
799-47-029,"771 WILLIAMSBURG WY #A"
799-47-030,"771 WILLIAMSBURG WY #B"
799-47-031,"771 WILLIAMSBURG WY #C"
799-47-032,"771 WILLIAMSBURG WY #D"
799-47-033,"775 WILLIAMSBURG WY #A"
799-47-034,"775 WILLIAMSBURG WY #B"
799-47-035,"775 WILLIAMSBURG WY #C"
799-47-036,"775 WILLIAMSBURG WY #D"
799-47-037,"781 WILLIAMSBURG WY"
799-47-038,"785 WILLIAMSBURG WY"
799-47-039,"791 WILLIAMSBURG WY"
799-47-040,"795 WILLIAMSBURG WY"
799-47-041,"7077 MT VERNON WY"
799-47-042,"7067 MT VERNON WY"
799-47-043,"7057 MT VERNON WY"
799-47-044,"7047 MT VERNON WY"
799-47-045,"7037 MT VERNON WY"
799-47-046,"7027 MT VERNON WY"
799-47-047,"784 GETTYSBURG WY"
799-47-048,"782 GETTYSBURG WY"
799-47-049,"778 GETTYSBURG WY"
799-47-050,"774 GETTYSBURG WY"
799-47-051,"772 GETTYSBURG WY"
799-47-052,"768 GETTYSBURG WY"
799-47-053,"764 GETTYSBURG WY"
799-47-054,"762 GETTYSBURG WY"
799-47-055,"758 GETTYSBURG WY"
799-47-056,"754 GETTYSBURG WY"
799-47-057,"752 GETTYSBURG WY"
799-47-058,"748 GETTYSBURG WY"
799-47-059,"744 GETTYSBURG WY"
799-47-060,"742 GETTYSBURG WY"
799-47-996,""
799-47-997,""
799-47-998,""
799-47-999,""
799-48-001,"738 GETTYSBURG WY"
799-48-002,"734 GETTYSBURG WY"
799-48-003,"732 GETTYSBURG WY"
799-48-004,"728 GETTYSBURG WY"
799-48-005,"724 GETTYSBURG WY"
799-48-006,"722 GETTYSBURG WY"
799-48-007,"718 GETTYSBURG WY #C"
799-48-008,"718 GETTYSBURG WY #D"
799-48-009,"718 GETTYSBURG WY #A"
799-48-010,"718 GETTYSBURG WY #B"
799-48-011,"714 GETTYSBURG WY #A"
799-48-012,"714 GETTYSBURG WY #B"
799-48-013,"714 GETTYSBURG WY #C"
799-48-014,"714 GETTYSBURG WY #D"
799-48-015,"712 GETTYSBURG WY"
799-48-016,"708 GETTYSBURG WY"
799-48-017,"704 GETTYSBURG WY"
799-48-018,"702 GETTYSBURG WY"
799-48-019,"703 GETTYSBURG WY"
799-48-020,"705 GETTYSBURG WY"
799-48-021,"709 GETTYSBURG WY"
799-48-022,"713 GETTYSBURG WY"
799-48-023,"7035 PRINCEVALLE ST"
799-48-024,"7045 PRINCEVALLE ST"
799-48-025,"7055 PRINCEVALLE ST"
799-48-026,"7065 PRINCEVALLE ST"
799-48-027,"7075 PRINCEVALLE ST"
799-48-028,"7085 PRINCEVALLE ST"
799-48-029,"711 WILLIAMSBURG WY"
799-48-030,"705 WILLIAMSBURG WY"
799-48-031,"715 WILLIAMSBURG WY #A"
799-48-032,"715 WILLIAMSBURG WY #B"
799-48-033,"715 WILLIAMSBURG WY #C"
799-48-034,"715 WILLIAMSBURG WY #D"
799-48-035,"721 WILLIAMSBURG WY"
799-48-036,"725 WILLIAMSBURG WY"
799-48-037,"731 WILLIAMSBURG WY"
799-48-038,"735 WILLIAMSBURG WY"
799-48-039,"741 WILLIAMSBURG WY"
799-48-040,"745 WILLIAMSBURG WY"
799-48-041,"751 WILLIAMSBURG WY"
799-48-042,"755 WILLIAMSBURG WY"
799-48-043,"761 WILLIAMSBURG WY"
799-48-044,"765 WILLIAMSBURG WY"
799-48-045,"748 WILLIAMSBURG WY"
799-48-046,"746 WILLIAMSBURG WY"
799-48-047,"740 WILLIAMSBURG WY"
799-48-048,"738 WILLIAMSBURG WY"
799-48-049,"736 WILLIAMSBURG WY"
799-48-050,"730 WILLIAMSBURG WY"
799-48-051,"728 WILLIAMSBURG WY"
799-48-052,"726 WILLIAMSBURG WY"
799-48-053,"720 WILLIAMSBURG WY"
799-48-054,"718 WILLIAMSBURG WY"
799-48-055,"716 WILLIAMSBURG WY"
799-48-056,"710 WILLIAMSBURG WY"
799-48-057,"715 GETTYSBURG WY"
799-48-058,"719 GETTYSBURG WY"
799-48-059,"723 GETTYSBURG WY"
799-48-060,"725 GETTYSBURG WY"
799-48-061,"729 GETTYSBURG WY"
799-48-062,"733 GETTYSBURG WY"
799-48-063,"735 GETTYSBURG WY"
799-48-064,"739 GETTYSBURG WY"
799-48-997,""
799-48-998,""
799-48-999,""
799-49-001,"7640 A ROSANNA ST"
799-49-002,"7650 A ROSANNA ST"
799-49-003,"7660 A ROSANNA ST"
799-49-004,"7670 A ROSANNA ST"
799-49-005,"7680 A ROSANNA ST"
799-49-006,"280 3RD ST"
799-49-007,"260 3RD ST"
799-49-008,"7680 B ROSANNA ST"
799-49-009,"7670 B ROSANNA ST"
799-49-010,"7660 B ROSANNA ST"
799-49-011,"7650 B ROSANNA ST"
799-49-012,"7640 B ROSANNA ST"
799-49-013,"7641 B CHURCH ST"
799-49-014,"7651 B CHURCH ST"
799-49-015,"7661 B CHURCH ST"
799-49-016,"7671 B CHURCH ST"
799-49-017,"7681 B CHURCH ST"
799-49-018,"7691 B CHURCH ST"
799-49-019,"7691 A CHURCH ST"
799-49-020,"7681 A CHURCH ST"
799-49-021,"7671 A CHURCH ST"
799-49-022,"7661 A CHURCH ST"
799-49-023,"7651 A CHURCH ST"
799-49-024,"7641 A CHURCH ST"
799-50-007,"55 5TH ST"
799-50-008,""
799-50-009,"7528 EIGLEBERRY ST"
799-50-016,"7520 EIGLEBERRY ST #100"
799-50-017,"7516 EIGLEBERRY ST #100"
799-50-018,"7510 EIGLEBERRY ST #100"
799-50-019,"85 FIFTH ST #100"
799-50-020,"75 FIFTH ST #100"
799-50-021,"65 FIFTH ST #100"
799-50-999,""
799-51-001,"7031 MONTEREY RD"
799-51-002,"7033 MONTEREY RD"
799-51-003,"7035 MONTEREY RD"
799-51-004,"7037 MONTEREY RD"
799-51-005,"7027 MONTEREY RD"
799-51-006,"7029 MONTEREY RD"
799-51-008,"7025 MONTEREY RD #110"
808-19-006,"7050 MILLER AV"
808-19-007,""
808-19-031,"1301 W LUCHESSA  AV"
808-19-997,""
808-19-998,""
808-58-002,""
808-58-004,"1330 W LUCHESSA AV"
808-59-961,""
808-59-979,""
808-59-996,""
808-59-997,""
808-59-998,""
808-62-001,"1351 ORES WY"
808-62-002,"1355 ORES WY"
808-62-003,"1359 ORES WY"
808-62-004,"1363 ORES WY"
808-62-005,"1367 ORES WY"
808-62-033,"6436 PAYSAR LN"
808-62-034,"6432 PAYSAR LN"
808-62-038,"6425 PAYSAR LN"
808-62-039,"6429 PAYSAR LN"
808-62-040,"6433 PAYSAR LN"
808-62-041,"6437 PAYSAR LN"
808-62-042,"6441 PAYSAR LN"
808-62-043,"6445 PAYSAR LN"
808-62-048,"6421 PAYSAR LN"
808-62-999,""
841-01-014,"8323 FOREST ST"
841-01-061,""
841-01-062,"8281 MURRAY AV"
841-01-063,"8340 SWANSTON LN"
841-01-064,"SWANSTON LN"
841-01-068,"8353 FOREST ST"
841-01-069,"8341 FOREST ST"
841-01-079,"390 LEAVESLEY RD"
841-01-105,"360 LEAVESLEY RD"
841-01-106,"370 LEAVESLEY RD"
841-01-107,"150 LEAVESLEY RD"
841-01-108,"8333 SWANSTON LN"
841-01-117,"340 LEAVESLEY RD"
841-01-118,"8360 SWANSTON LN"
841-01-119,"8370 SWANSTON LN"
841-01-126,"FOREST ST"
841-01-127,"300 LEAVESLEY RD"
841-01-135,"90 LEAVESLEY RD"
841-01-136,"8390 SWANSTON LN"
841-01-139,"8395 FOREST ST"
841-02-001,"8091 SWANSTON LN"
841-02-003,"8191 SWANSTON LN"
841-02-004,""
841-02-008,"7896 MONTEREY RD"
841-02-009,"7888 MONTEREY RD"
841-02-010,"7880 MONTEREY RD"
841-02-011,"7860 MONTEREY RD"
841-02-014,"7818 MONTEREY RD"
841-02-015,"7810 MONTEREY RD"
841-02-019,"8040 MONTEREY RD"
841-02-020,"7990 MONTEREY RD"
841-02-021,"7920 MONTEREY RD"
841-02-032,"8111 SWANSTON LN"
841-02-033,"8111 SWANSTON LN"
841-02-040,"8211 SWANSTON LN"
841-02-045,"80 CASEY ST"
841-02-046,""
841-02-047,"MONTEREY ST"
841-02-048,"8220 MONTEREY ST"
841-02-049,"277 IOOF AV"
841-02-050,""
841-02-051,""
841-02-053,"20 CASEY ST"
841-02-054,"8155 SWANSTON LN"
841-02-055,""
841-02-056,"8155 SWANSTON LN"
841-02-057,"7850 MONTEREY RD"
841-02-058,"7840 MONTEREY ST"
841-03-002,"490 IOOF AV"
841-03-003,"480 IOOF AV"
841-03-004,"470 IOOF AV"
841-03-005,"460 IOOF AV"
841-03-006,"440 IOOF AV"
841-03-007,"420 IOOF AV"
841-03-008,"400 IOOF AV"
841-03-009,"380 IOOF AV"
841-03-010,"360 IOOF AV"
841-03-011,"340 IOOF AV"
841-03-012,"320 IOOF AV"
841-03-013,"300 IOOF AV"
841-03-014,"7780 FOREST ST"
841-03-015,"7760 FOREST ST"
841-03-016,"310 WALNUT LN"
841-03-017,"320 WALNUT LN"
841-03-018,"330 WALNUT LN"
841-03-019,"340 WALNUT LN"
841-03-020,"350 WALNUT LN"
841-03-021,"360 WALNUT LN"
841-03-022,"370 WALNUT LN"
841-03-023,"380 WALNUT LN"
841-03-024,"383 WALNUT LN"
841-03-025,"373 WALNUT LN"
841-03-026,"363 WALNUT LN"
841-03-027,"353 WALNUT LN"
841-03-028,"343 WALNUT LN"
841-03-029,"333 WALNUT LN"
841-03-030,"323 WALNUT LN"
841-03-031,"313 WALNUT LN"
841-03-032,"7700 FOREST ST"
841-03-033,"305 WALNUT LN"
841-03-034,"309 WALNUT LN"
841-03-035,"311 WALNUT LN"
841-03-036,"321 WALNUT LN"
841-03-037,"325 WALNUT LN"
841-03-038,"331 WALNUT LN"
841-03-039,"335 WALNUT LN"
841-03-040,"341 WALNUT LN"
841-03-041,"345 WALNUT LN"
841-03-042,"351 WALNUT LN"
841-03-043,"355 WALNUT LN"
841-03-044,"361 WALNUT LN"
841-03-045,"365 WALNUT LN"
841-03-046,"371 WALNUT LN"
841-03-047,"375 WALNUT LN"
841-03-048,"354 WALNUT LN"
841-03-049,"344 WALNUT LN"
841-03-050,"334 WALNUT LN"
841-03-051,"324 WALNUT LN"
841-03-052,"312 WALNUT LN"
841-03-053,"7680 FOREST ST"
841-03-056,"7650 FOREST ST"
841-03-057,"7640 FOREST ST"
841-03-058,"7630 FOREST ST"
841-03-059,"7620 FOREST ST"
841-03-062,"395 LEWIS ST"
841-03-063,"341 LEWIS ST"
841-03-066,"441 LEWIS ST"
841-03-068,"364 WALNUT LN"
841-03-070,"7600 FOREST ST"
841-03-071,"7610 FOREST ST"
841-03-079,"7670 FOREST ST"
841-03-080,"7674 FOREST ST"
841-03-081,""
841-03-086,"374 WALNUT LN"
841-03-087,"384 WALNUT LN"
841-03-088,"394 WALNUT LN"
841-03-105,"401 LEWIS ST"
841-03-106,"435 LEWIS ST"
841-03-107,"431 LEWIS ST #A-B"
841-03-108,"425 LEWIS ST #A-B"
841-03-109,"421 LEWIS ST"
841-03-110,"411 LEWIS ST"
841-03-111,"7710 CHESTNUT ST"
841-03-112,"7720 CHESTNUT ST"
841-03-113,"7660 FOREST ST"
841-03-114,"500 IOOF AV"
841-03-115,""
841-04-001,"7651 FOREST ST"
841-04-002,"7641 FOREST ST"
841-04-003,"7621 FOREST ST"
841-04-005,"267 LEWIS ST"
841-04-008,"7634 MONTEREY RD"
841-04-009,"7634 MONTEREY RD"
841-04-010,"7638 MONTEREY RD"
841-04-011,"MONTEREY ST"
841-04-012,"7648 MONTEREY RD"
841-04-013,"7652 MONTEREY RD"
841-04-014,"7660 MONTEREY RD"
841-04-015,""
841-04-018,"7700 MONTEREY RD"
841-04-019,"7760 MONTEREY RD"
841-04-020,"7780 MONTEREY RD"
841-04-022,"291 LEWIS ST"
841-04-023,"IOOF AV"
841-04-024,"290 IOOF AV"
841-04-025,""
841-04-029,"111 LEWIS ST"
841-04-031,"7680 MONTEREY RD"
841-05-002,"332 6 LEWIS ST"
841-05-003,"7585 CHESTNUT ST"
841-05-004,"7575 A CHESTNUT ST"
841-05-005,"7565 CHESTNUT ST"
841-05-006,"7551 CHESTNUT ST"
841-05-007,"7541 CHESTNUT ST"
841-05-008,"7531 CHESTNUT ST"
841-05-009,"7521 CHESTNUT ST"
841-05-010,"7515 CHESTNUT ST"
841-05-011,"7505 CHESTNUT ST"
841-05-013,"7516 FOREST ST"
841-05-014,"7536 FOREST ST"
841-05-015,"7546 FOREST ST"
841-05-016,"7554 FOREST ST"
841-05-017,"7574 FOREST ST"
841-05-018,"7584 FOREST ST"
841-05-020,"7557 FOREST ST"
841-05-025,"7518 ALEXANDER ST"
841-05-026,"7530 ALEXANDER ST"
841-05-027,"7540 ALEXANDER ST"
841-05-028,"7544 ALEXANDER ST"
841-05-029,"7554 ALEXANDER ST"
841-05-030,"7566 ALEXANDER ST"
841-05-031,"7578 ALEXANDER ST"
841-05-032,"7584 ALEXANDER ST"
841-05-033,"230 LEWIS ST"
841-05-034,"170 A LEWIS ST"
841-05-035,"188 LEWIS ST"
841-05-036,"7571 ALEXANDER ST"
841-05-037,"7561 ALEXANDER ST"
841-05-038,"7551 ALEXANDER ST"
841-05-039,"7541 ALEXANDER ST"
841-05-040,"7541 ALEXANDER ST"
841-05-041,"7521 ALEXANDER ST"
841-05-042,"7501 ALEXANDER ST"
841-05-043,"165 MARTIN ST"
841-05-044,"133 MARTIN ST"
841-05-045,"111 MARTIN ST"
841-05-046,"7520 RAILROAD ST"
841-05-047,"7530 RAILROAD ST"
841-05-048,"7540 RAILROAD ST"
841-05-049,"7550 RAILROAD ST"
841-05-050,"130 LEWIS ST"
841-05-051,"144 LEWIS ST"
841-05-054,"7500 MONTEREY RD"
841-05-055,""
841-05-056,"7526 MONTEREY RD"
841-05-057,"7542 MONTEREY RD"
841-05-058,"7550 MONTEREY RD"
841-05-059,"7554 MONTEREY RD"
841-05-060,"7560 MONTEREY RD"
841-05-061,"7568 MONTEREY RD"
841-05-062,"7574 MONTEREY RD"
841-05-064,"7588 MONTEREY RD"
841-05-067,"7549 FOREST ST"
841-05-070,"7511 RAILROAD ST"
841-05-071,"7555 RAILROAD ST"
841-05-072,"7565 RAILROAD ST"
841-05-073,"7541 FOREST AV"
841-05-074,"7531 FOREST ST"
841-05-075,"240 LEWIS ST"
841-05-076,"250 LEWIS ST"
841-05-077,"260 LEWIS ST"
841-05-078,"7577 FOREST ST"
841-05-079,"7567 FOREST ST"
841-05-080,""
841-05-081,"311 MARTIN ST"
841-05-082,"7516 FOREST ST #A-B"
841-05-083,"7515 FOREST ST"
841-05-084,"267 MARTIN ST"
841-05-085,"229 MARTIN ST"
841-05-086,"209 MARTIN ST"
841-05-087,"332 LEWIS ST"
841-06-001,"7491 RAILROAD ST"
841-06-002,"7451 RAILROAD ST"
841-06-003,"7411 RAILROAD ST"
841-06-006,"7412 MONTEREY ST"
841-06-007,"7430 MONTEREY ST"
841-06-008,"7436 MONTEREY ST"
841-06-009,"7440 MONTEREY ST"
841-06-010,"7450 MONTEREY ST"
841-06-011,"7460 MONTEREY ST"
841-06-014,"7484 MONTEREY ST"
841-06-015,"20 MARTIN ST"
841-06-016,"44 MARTIN ST"
841-06-017,"124 MARTIN ST"
841-06-018,"144 MARTIN ST"
841-06-020,"7445 ALEXANDER ST"
841-06-021,"7439 ALEXANDER ST"
841-06-022,"7429 ALEXANDER ST"
841-06-023,"7419 ALEXANDER ST"
841-06-024,"7409 ALEXANDER ST"
841-06-025,"7400 RAILROAD ST"
841-06-027,"7450 RAILROAD ST"
841-06-028,"7470 RAILROAD ST"
841-06-029,"264 MARTIN ST"
841-06-030,"7469 FOREST ST"
841-06-031,"7445 FOREST ST"
841-06-032,"7441 FOREST ST"
841-06-033,"7433 FOREST ST"
841-06-034,"263 E 6TH ST"
841-06-035,"243 E 6TH ST"
841-06-037,"7440 ALEXANDER ST"
841-06-038,"7450 ALEXANDER ST"
841-06-039,"7460 ALEXANDER ST"
841-06-040,"222 MARTIN ST"
841-06-042,"7475 CHESTNUT ST"
841-06-043,"7461 CHESTNUT ST"
841-06-044,"7451 CHESTNUT ST"
841-06-046,"367 E 6TH ST"
841-06-047,"337 E 6TH ST"
841-06-048,"307 E 6TH ST"
841-06-049,"7430 FOREST ST"
841-06-050,"7440 FOREST ST"
841-06-051,"7450 FOREST ST"
841-06-052,"7460 FOREST ST"
841-06-053,"7470 FOREST ST"
841-06-054,"7498 FOREST ST"
841-06-055,"342 MARTIN ST"
841-06-056,"7459 ALEXANDER ST"
841-06-057,"7441 CHESTNUT ST"
841-06-058,"395 E 6TH ST"
841-06-059,"7410 ALEXANDER ST"
841-06-060,"7420 ALEXANDER ST"
841-06-061,"7400 MONTEREY ST"
841-06-062,""
841-06-063,"7466 MONTEREY ST"
841-06-064,"360 MARTIN ST"
841-06-065,"7493 CHESTNUT ST"
841-06-066,"164 MARTIN ST"
841-06-067,"174 MARTIN ST"
841-06-068,"7469 ALEXANDER ST"
841-07-003,"430 LEWIS ST"
841-07-004,"410 LEWIS ST"
841-07-005,"400 LEWIS ST"
841-07-012,"7458 CHESTNUT ST"
841-07-013,"7450 CHESTNUT ST"
841-07-014,"7440 CHESTNUT ST"
841-07-015,"CHESTNUT ST"
841-07-016,"413 E 6TH ST"
841-07-017,"423 E 6TH ST"
841-07-018,"463 E 6TH ST"
841-07-027,"7492 CHESTNUT ST"
841-07-036,"473 E 6TH ST"
841-07-037,"483 E 6TH ST"
841-07-038,"7558 CHESTNUT ST"
841-07-039,"7560 CHESTNUT ST"
841-07-041,"493 E 6TH ST"
841-07-042,"7472 CHESTNUT ST"
841-07-043,"7472 1/2 CHESTNUT ST"
841-07-045,"470 LEWIS ST"
841-07-046,"480 LEWIS ST"
841-07-047,"490 LEWIS ST"
841-07-048,"7496 CHESTNUT ST"
841-07-049,"7498 CHESTNUT ST"
841-07-050,"7500 CHESTNUT ST"
841-07-051,"7502 CHESTNUT ST"
841-07-053,"500 LEWIS ST"
841-07-054,"420 LEWIS ST"
841-07-055,"440 LEWIS ST"
841-07-056,"450 LEWIS ST"
841-07-058,"7532 CHESTNUT ST"
841-07-059,"7540 CHESTNUT ST"
841-07-060,"7550 CHESTNUT ST"
841-07-062,"510 LEWIS ST"
841-07-064,"7522 CHESTNUT ST"
841-07-065,"7522 CHESTNUT ST"
841-07-999,""
841-08-002,"51 OLD GILROY ST"
841-08-006,"7380 MONTEREY ST"
841-08-007,"7390 MONTEREY ST"
841-08-008,"178 E 6TH ST"
841-08-009,"188 E 6TH ST"
841-08-010,"7381 ALEXANDER ST"
841-08-011,"7361 ALEXANDER ST"
841-08-012,"7351 ALEXANDER ST"
841-08-013,"7341 ALEXANDER ST"
841-08-014,"7331 ALEXANDER ST"
841-08-015,"7321 ALEXANDER ST"
841-08-016,"7311 ALEXANDER ST"
841-08-017,"157 OLD GILROY ST"
841-08-018,"137 OLD GILROY ST"
841-08-019,"OLD GILROY ST"
841-08-020,"7330 RAILROAD ST"
841-08-021,"7342 RAILROAD ST"
841-08-022,"7360 RAILROAD ST"
841-08-023,"204 E 6TH ST"
841-08-024,"224 E 6TH ST"
841-08-025,"244 E 6TH ST"
841-08-026,"262 E 6TH ST"
841-08-027,"294 E 6TH ST"
841-08-028,"7351 FOREST ST"
841-08-029,"7341 FOREST ST"
841-08-030,"7331 FOREST ST"
841-08-031,""
841-08-032,"271 OLD GILROY ST"
841-08-033,"251 OLD GILROY ST"
841-08-034,"241 OLD GILROY ST"
841-08-035,"231 OLD GILROY ST"
841-08-036,"205 OLD GILROY ST"
841-08-037,"7320 ALEXANDER ST"
841-08-038,"7330 ALEXANDER ST"
841-08-039,"7340 ALEXANDER ST"
841-08-042,"7350 MONTEREY ST"
841-08-043,"7360 MONTEREY ST"
841-08-044,""
841-08-045,""
841-08-046,"7350 ALEXANDER ST"
841-08-047,"7360 ALEXANDER ST"
841-08-048,"7310 MONTEREY ST"
841-08-049,"7320 MONTEREY ST"
841-09-001,"366 E 6TH ST"
841-09-002,"7399 CHESTNUT ST"
841-09-003,"7391 CHESTNUT ST"
841-09-004,"7387 CHESTNUT ST"
841-09-005,"7377 CHESTNUT ST"
841-09-006,"7367 CHESTNUT ST"
841-09-007,"7357 CHESTNUT ST"
841-09-008,"7347 CHESTNUT ST"
841-09-010,"7317 CHESTNUT ST"
841-09-011,"7307 CHESTNUT ST"
841-09-012,"337 E 7TH ST"
841-09-013,"7310 FOREST ST"
841-09-014,"7320 FOREST ST"
841-09-016,"7350 FOREST ST"
841-09-017,"7370 FOREST ST"
841-09-018,"7380 FOREST ST"
841-09-019,"358 E 6TH ST"
841-09-020,"414 E 6TH ST"
841-09-021,"424 E 6TH ST"
841-09-022,"444 E 6TH ST"
841-09-023,"464 E 6TH ST"
841-09-024,"474 E 6TH ST"
841-09-025,"484 E 6TH ST"
841-09-026,"494 E 6TH ST"
841-09-029,"7351 MAPLE ST"
841-09-030,"7341 MAPLE ST"
841-09-031,"7331 MAPLE ST"
841-09-032,"7321 MAPLE ST"
841-09-033,"7311 MAPLE ST"
841-09-034,"425 E 7TH ST"
841-09-035,"415 E 7TH ST"
841-09-036,"405 E 7TH ST"
841-09-037,"7320 CHESTNUT ST"
841-09-038,"7340 CHESTNUT ST"
841-09-039,"7360 CHESTNUT ST"
841-09-042,"530 STONEY CT"
841-09-043,"STONEY CT"
841-09-046,"7370 MAPLE ST"
841-09-047,"7340 MAPLE ST"
841-09-048,"7330 MAPLE ST"
841-09-049,"7320 MAPLE ST"
841-09-051,"501 E 7TH ST"
841-09-057,"7382 MAPLE ST"
841-09-059,"7360 MAPLE ST"
841-09-060,"7350 MAPLE ST"
841-09-061,"611 E 7TH ST"
841-09-062,"544 STONEY CT"
841-09-065,"7330 FOREST ST"
841-09-066,"7340 A FOREST ST"
841-09-068,"520 STONEY CT"
841-09-069,"7390 MAPLE ST"
841-09-070,"595 E 7TH ST"
841-09-072,"7361 MAPLE ST"
841-09-073,"7370 CHESTNUT ST"
841-09-074,"7380 CHESTNUT ST"
841-09-075,"575 E 7TH ST"
841-09-076,"7310 MAPLE ST"
841-09-077,"7327 CHESTNUT ST"
841-09-078,"7323 CHESTNUT ST"
841-10-005,"7250 EAST ST"
841-10-006,"7240 EAST ST"
841-10-007,"7230 A EAST ST"
841-10-008,"7220 EAST ST"
841-10-009,"613 OLD GILROY ST"
841-10-010,"641 OLD GILROY ST"
841-10-028,"OLD GILROY ST"
841-10-032,""
841-10-054,"580 STONEY CT"
841-10-055,"590 STONEY CT #A"
841-10-056,"590 STONEY CT"
841-11-002,"475 OLD GILROY ST"
841-11-003,"7241 CHESTNUT ST"
841-11-004,"393 OLD GILROY ST"
841-11-005,"363 OLD GILROY ST"
841-11-006,"353 OLD GILROY ST"
841-11-007,"335 OLD GILROY ST"
841-11-008,"325 OLD GILROY ST"
841-11-009,"315 OLD GILROY ST"
841-11-011,"7251 FOREST ST"
841-11-012,"7241 FOREST ST"
841-11-013,"7231 FOREST ST"
841-11-014,"7221 FOREST ST"
841-11-015,"7211 FOREST ST"
841-11-018,"7230 ALEXANDER ST"
841-11-019,"7238 ALEXANDER ST"
841-11-020,"7240 ALEXANDER ST"
841-11-021,"7250 ALEXANDER ST"
841-11-022,"7260 ALEXANDER ST"
841-11-023,"7270 ALEXANDER ST"
841-11-024,"7280 ALEXANDER ST"
841-11-025,"7290 ALEXANDER ST"
841-11-030,"392 OLD GILROY ST"
841-11-033,"355 E 8TH ST"
841-11-034,"7210 FOREST ST"
841-11-035,"7220 FOREST ST"
841-11-038,"570 OLD GILROY ST"
841-11-039,""
841-11-040,"E 8TH ST"
841-11-042,"425 A E 8TH ST"
841-11-043,"7200 ALEXANDER ST"
841-11-048,"7240 FOREST ST"
841-11-049,"7250 FOREST ST"
841-11-051,"7230 FOREST ST"
841-11-052,"7232 A FOREST ST"
841-11-053,"7221 A CHESTNUT ST"
841-11-054,"7231 A CHESTNUT ST"
841-11-055,"570 E 7TH ST"
841-11-056,"590 E 7TH ST"
841-11-057,"7255 EAST ST"
841-11-058,"7245 EAST ST"
841-11-059,"7235 EAST ST"
841-11-060,"7225 EAST ST"
841-11-062,"7205 EAST ST"
841-11-063,"585 OLD GILROY ST"
841-11-064,"7290 FOREST ST"
841-11-065,"362 OLD GILROY ST"
841-11-066,"372 OLD GILROY ST"
841-11-067,"423 E 8TH ST"
841-11-069,"250 OLD GILROY ST"
841-11-071,"440 OLD GILROY ST"
841-11-072,"230 OLD GILROY ST"
841-11-073,"240 OLD GILROY ST"
841-11-074,"408 OLD GILROY ST"
841-11-075,"430 OLD GILROY ST"
841-11-076,"401 E 8TH ST"
841-11-077,"395 E 8TH ST"
841-11-078,"7201 CHESTNUT ST"
841-12-001,"330 E 8TH ST"
841-12-002,"346 E 8TH ST"
841-12-004,"370 E 8TH ST"
841-12-005,"380 E 8TH ST"
841-12-012,"321 E 9TH ST"
841-12-013,"E 9TH ST"
841-12-014,"7110 ALEXANDER ST"
841-12-016,"E 8TH ST"
841-12-017,"FOREST ST"
841-12-019,"610 E 8TH ST"
841-12-025,"420 B E 8TH ST"
841-12-026,"410 E 8TH ST"
841-12-028,"350 E 8TH ST"
841-12-029,"360 E 8TH ST"
841-12-035,"7150 ALEXANDER ST"
841-12-036,"7160 ALEXANDER ST"
841-12-038,"390 B E 8TH ST"
841-12-042,"7151 CROCKER LN"
841-12-043,"7151 CROCKER LN"
841-12-044,"N 9TH ST"
841-12-045,"N 9TH ST"
841-12-046,"450 E 8TH ST"
841-12-047,"E 9TH"
841-12-048,"415 E 9TH ST"
841-12-049,"7155 CHESTNUT ST"
841-12-050,"500 E 8TH ST"
841-12-052,"435 E 9TH ST"
841-12-053,"600 E 8TH ST #1"
841-12-054,"600 E 8TH"
841-12-055,"640 E 8TH"
841-12-056,"650 E 8TH"
841-12-057,"7150 CHESTNUT ST"
841-12-058,"7100 CHESTNUT ST"
841-13-001,"7270 MONTEREY ST"
841-13-003,"7300 MONTEREY ST"
841-13-013,"RAILROAD AV"
841-13-017,"7250 MONTEREY ST"
841-13-018,""
841-13-019,""
841-13-020,"110 MONTEREY ST"
841-13-021,"7101 ALEXANDER ST"
841-13-022,""
841-13-023,""
841-13-024,""
841-13-025,"40 HORNLEIN CT"
841-13-026,""
841-14-001,"MONTEREY HY"
841-14-002,"7050 MONTEREY RD"
841-14-055,"7000 MONTEREY RD"
841-14-056,"E 10TH ST"
841-16-034,"333 -343 E 10TH ST"
841-16-074,"363 -353 E 10TH ST"
841-16-099,"393 E 10TH ST"
841-16-102,"273 E 10TH ST"
841-16-112,""
841-16-122,"198 E 9TH ST"
841-16-123,""
841-16-124,"303 E 10TH ST"
841-16-125,"301 E 10TH ST"
841-16-999,""
841-53-001,"7537 ROGERS LN"
841-53-002,"7527 ROGERS LN"
841-53-003,"7515 ROGERS LN"
841-53-004,"7487 ROGERS LN"
841-53-005,"7460 ROGERS LN"
841-53-006,"7470 ROGERS LN"
841-53-007,"7480 ROGERS LN"
841-53-008,"7490 ROGERS LN"
841-53-009,"7510 ROGERS LN"
841-53-010,"7520 ROGERS LN"
841-53-011,"7530 ROGERS LN"
841-53-012,"7540 ROGERS LN"
841-53-013,""
841-53-014,"514 HOOVER CT"
841-53-015,"524 HOOVER CT"
841-53-016,"534 HOOVER CT"
841-53-017,"544 HOOVER CT"
841-53-018,"554 HOOVER CT"
841-53-019,"564 HOOVER CT"
841-53-020,"574 HOOVER CT"
841-53-021,"569 HADLEY CT"
841-53-022,"559 HADLEY CT"
841-53-023,"549 HADLEY CT"
841-53-024,"539 HADLEY CT"
841-53-025,"529 HADLEY CT"
841-53-026,"459 HADLEY CT"
841-53-027,"449 HADLEY CT"
841-53-028,"439 HADLEY CT"
841-53-029,"429 HADLEY CT"
841-53-030,"419 HADLEY CT"
841-53-031,"409 HADLEY CT"
841-53-032,"402 HADLEY CT"
841-53-033,"412 HADLEY CT"
841-53-034,"422 HADLEY CT"
841-53-035,"432 HADLEY CT"
841-53-036,"442 HADLEY CT"
841-53-037,"452 HADLEY CT"
841-53-038,"462 HADLEY CT"
841-53-039,"472 HADLEY CT"
841-53-040,"502 HADLEY CT"
841-53-041,"512 HADLEY CT"
841-53-042,"522 HADLEY CT"
841-53-043,"532 HADLEY CT"
841-53-044,"542 HADLEY CT"
841-53-045,"552 HADLEY CT"
841-53-046,"562 HADLEY CT"
841-53-047,"7420 ROGERS LN"
841-53-048,"7430 ROGERS LN"
841-53-049,"7440 ROGERS LN"
841-53-050,"7450 ROGERS LN"
841-53-051,""
841-53-052,""
841-53-053,"512 HOOVER CT"
841-53-066,""
841-53-067,"516 LEWIS ST"
841-53-068,"530 LEWIS ST"
841-53-069,"540 LEWIS ST"
841-53-070,"7550 ROGERS LN"
841-53-071,"7580 ROGERS LN"
841-53-072,"7560 ROGERS LN"
841-53-073,"7570 ROGERS LN"
841-53-074,"506 HOOVER CT"
841-53-075,"510 HOOVER CT"
841-53-076,"508 HOOVER CT"
841-53-077,"501 HOOVER CT"
841-53-078,"511 HOOVER CT"
841-53-079,"521 HOOVER CT"
841-53-080,"531 HOOVER CT"
841-53-081,"541 HOOVER CT"
841-53-082,"551 HOOVER CT"
841-53-083,"561 HOOVER CT"
841-53-084,"571 HOOVER CT"
841-53-085,"581 HOOVER CT"
841-53-086,"591 HOOVER CT"
841-53-087,"7551 ROGERS LN"
841-53-088,"7561 ROGERS LN"
841-53-089,"7571 ROGERS LN"
841-53-998,""
841-53-999,""
841-59-007,"400 LEAVESLEY RD"
841-59-010,"8170 MURRAY AV"
841-59-014,""
841-59-018,"8292 MURRAY AV"
841-59-019,"450 LEAVESLEY RD"
841-59-021,"8284 MURRAY AV #STE C"
841-59-022,"8190 MURRAY AV"
841-62-001,"555 IOOF AV"
841-62-002,"525 IOOF AV"
841-62-003,"495 IOOF AV"
841-62-004,"465 IOOF AV"
841-62-005,"435 IOOF AV"
841-62-006,"405 IOOF AV"
841-62-007,"400 TAFT CT"
841-62-008,"430 TAFT CT"
841-62-009,"460 TAFT CT"
841-62-010,"490 TAFT CT"
841-62-011,"520 TAFT CT"
841-62-012,"550 TAFT CT"
841-62-013,"580 TAFT CT"
841-62-014,"585 TAFT CT"
841-62-015,"555 TAFT CT"
841-62-016,"525 TAFT CT"
841-62-017,"495 TAFT CT"
841-62-018,"465 TAFT CT"
841-62-019,"435 TAFT CT"
841-62-020,"405 TAFT CT"
841-62-021,"400 POLK CT"
841-62-022,"430 POLK CT"
841-62-023,"460 POLK CT"
841-62-024,"490 POLK CT"
841-62-025,"520 POLK CT"
841-62-026,"550 POLK CT"
841-62-027,"580 POLK CT"
841-62-028,"585 POLK CT"
841-62-029,"555 POLK CT"
841-62-030,"525 POLK CT"
841-62-031,"495 POLK CT"
841-62-032,"465 POLK CT"
841-62-033,"435 POLK CT"
841-62-034,"405 POLK CT"
841-62-035,"400 GRANT CT"
841-62-036,"430 GRANT CT"
841-62-037,"460 GRANT CT"
841-62-038,"490 GRANT CT"
841-62-039,"520 GRANT CT"
841-62-040,"550 GRANT CT"
841-62-041,"580 GRANT CT"
841-62-042,"585 GRANT CT"
841-62-043,"555 GRANT CT"
841-62-044,"525 GRANT CT"
841-62-045,"495 GRANT CT"
841-62-046,"465 GRANT CT"
841-62-047,"435 GRANT CT"
841-62-048,"405 GRANT CT"
841-62-049,"400 ADAMS CT"
841-62-050,"430 ADAMS CT"
841-62-051,"460 ADAMS CT"
841-62-052,"490 ADAMS CT"
841-62-053,"520 ADAMS CT"
841-62-054,"550 ADAMS CT"
841-62-055,"580 ADAMS CT"
841-62-056,"585 ADAMS CT"
841-62-057,"555 ADAMS CT"
841-62-058,"525 ADAMS CT"
841-62-059,"495 ADAMS CT"
841-62-060,"465 ADAMS CT"
841-62-061,"435 ADAMS CT"
841-62-062,"405 ADAMS CT"
841-64-001,"8050 FOREST ST"
841-64-002,"8070 FOREST ST"
841-64-003,"8090 FOREST ST"
841-64-004,"8100 FOREST ST"
841-64-005,"8120 FOREST ST"
841-64-006,"8140 FOREST ST"
841-64-007,"8160 FOREST ST"
841-64-008,"8180 FOREST ST"
841-64-009,"8190 FOREST ST"
841-64-010,"8200 FOREST ST"
841-64-011,"8220 FOREST ST"
841-64-012,"8240 FOREST ST"
841-64-013,"8260 FOREST ST"
841-64-014,"8280 FOREST ST"
841-64-015,"8281 SPRINGDALE CT"
841-64-016,"8261 SPRINGDALE CT"
841-64-017,"8241 SPRINGDALE CT"
841-64-018,"8221 SPRINGDALE CT"
841-64-019,"8201 SPRINGDALE CT"
841-64-020,"8191 SPRINGDALE CT"
841-64-021,"8181 SPRINGDALE CT"
841-64-022,"8161 SPRINGDALE CT"
841-64-023,"8141 SPRINGDALE CT"
841-64-024,"8121 SPRINGDALE CT"
841-64-025,"8101 SPRINGDALE CT"
841-64-026,"8091 SPRINGDALE CT"
841-64-027,"8071 SPRINGDALE CT"
841-64-028,"8051 SPRINGDALE CT"
841-64-029,"8050 SPRINGDALE CT"
841-64-030,"8070 SPRINGDALE CT"
841-64-031,"8090 SPRINGDALE CT"
841-64-032,"8100 SPRINGDALE CT"
841-64-033,"8120 SPRINGDALE CT"
841-64-034,"8140 SPRINGDALE CT"
841-64-035,"8160 SPRINGDALE CT"
841-64-036,"8180 SPRINGDALE CT"
841-64-037,"8186 SPRINGDALE CT"
841-64-038,"8190 SPRINGDALE CT"
841-64-039,"8200 SPRINGDALE CT"
841-64-040,"8220 SPRINGDALE CT"
841-64-041,"8240 SPRINGDALE CT"
841-64-042,"8260 SPRINGDALE CT"
841-64-043,"8280 SPRINGDALE CT"
841-64-044,"8286 SPRINGDALE CT"
841-64-045,"8290 SPRINGDALE CT"
841-64-046,"8300 SPRINGDALE CT"
841-64-047,"8306 SPRINGDALE CT"
841-64-048,"8310 SPRINGDALE CT"
841-64-049,"8320 SPRINGDALE CT"
841-64-050,"8330 SPRINGDALE CT"
841-64-051,"8340 SPRINGDALE CT"
841-64-052,"8350 SPRINGDALE CT"
841-64-053,"8355 SPRINGDALE CT"
841-64-054,"8345 SPRINGDALE CT"
841-64-055,"8335 SPRINGDALE CT"
841-64-056,"8325 SPRINGDALE CT"
841-64-057,"8315 SPRINGDALE CT"
841-64-058,"8305 SPRINGDALE CT"
841-64-059,"8291 SPRINGDALE CT"
841-64-060,"8290 FOREST ST"
841-64-061,"8300 FOREST ST"
841-64-062,"8310 FOREST ST"
841-64-063,"8320 FOREST ST"
841-64-064,"8330 FOREST ST"
841-64-065,"8340 FOREST ST"
841-64-066,"8350 FOREST ST"
841-64-067,"8360 FOREST ST"
841-64-068,"8297 FOREST ST"
841-64-069,"8291 FOREST ST"
841-64-070,"8271 FOREST ST"
841-64-071,"8251 FOREST ST"
841-64-072,"8231 FOREST ST"
841-64-073,"8221 FOREST ST"
841-64-074,"8211 FOREST ST"
841-64-075,"8201 FOREST ST"
841-64-076,"8191 FOREST ST"
841-64-077,"8181 FOREST ST"
841-64-078,"8177 FOREST ST"
841-64-079,"8171 FOREST ST"
841-64-080,"8151 FOREST ST"
841-64-081,"8121 FOREST ST #A-L"
841-64-082,"8101 FOREST ST #A-H"
841-64-084,"8055 FOREST ST"
841-64-085,"8051 FOREST ST"
841-64-086,"215 SWANSTON LN"
841-64-087,"8050 SWANSTON LN"
841-64-088,"8052 SWANSTON LN"
841-64-091,"8066 SWANSTON LN"
841-64-092,"8070 SWANSTON LN"
841-64-093,"8080 SWANSTON LN"
841-64-094,"8090 SWANSTON LN"
841-64-095,"8100 SWANSTON LN"
841-64-096,"8110 SWANSTON LN"
841-64-097,"8120 SWANSTON LN"
841-64-098,"8170 SWANSTON LN"
841-64-099,"8190 6 SWANSTON LN"
841-64-100,"8200 SWANSTON LN"
841-64-101,"8220 SWANSTON LN"
841-64-102,"8240 SWANSTON LN"
841-64-103,"8260 SWANSTON LN"
841-64-104,"8266 SWANSTON LN"
841-64-105,"8270 SWANSTON LN"
841-64-106,"8280 SWANSTON LN"
841-64-107,"8284 SWANSTON LN"
841-64-108,"8290 SWANSTON LN"
841-64-109,"8300 SWANSTON LN"
841-64-110,"8299 FOREST ST"
841-64-111,"8058 SWANSTON LN"
841-64-112,"8091 FOREST ST"
841-64-113,"8060 SWANSTON LN"
841-65-001,"7709 MURRAY AV"
841-65-002,"7705 MURRAY AV"
841-65-003,"7729 MURRAY AV"
841-65-004,"7727 MURRAY AV"
841-65-005,"7725 MURRAY AV"
841-65-006,"7723 MURRAY AV"
841-65-007,"7721 MURRAY AV"
841-65-008,"7719 MURRAY AV"
841-65-009,"7741 MURRAY AV"
841-65-010,"7739 MURRAY AV"
841-65-011,"7737 MURRAY AV"
841-65-012,"7735 MURRAY AV"
841-65-013,"7733 MURRAY AV"
841-65-014,"7731 MURRAY AV"
841-65-015,"7769 MURRAY AV"
841-65-016,"7767 MURRAY AV"
841-65-017,"7765 MURRAY AV"
841-65-018,"7763 MURRAY AV"
841-65-019,"7761 MURRAY AV"
841-65-020,"7759 MURRAY AV"
841-65-021,"7757 GHIRLANDA CT"
841-65-022,"7765 GHIRLANDA CT"
841-65-023,"7767 GHIRLANDA CT"
841-65-024,"7775 GHIRLANDA CT"
841-65-025,"7777 GHIRLANDA CT"
841-65-026,"7785 GHIRLANDA CT"
841-65-027,"7717 GHIRLANDA CT"
841-65-028,"7725 GHIRLANDA CT"
841-65-029,"7727 GHIRLANDA CT"
841-65-030,"7735 GHIRLANDA CT"
841-65-031,"7747 GHIRLANDA CT"
841-65-032,"7755 GHIRLANDA CT"
841-65-033,"7713 CHESTNUT ST"
841-65-034,"7721 CHESTNUT ST"
841-65-035,"7733 CHESTNUT ST"
841-65-036,"7741 CHESTNUT ST"
841-65-037,"7743 CHESTNUT ST"
841-65-038,"7751 CHESTNUT ST"
841-65-039,"7753 CHESTNUT ST"
841-65-040,"7761 CHESTNUT ST"
841-65-041,"7763 CHESTNUT ST"
841-65-042,"7771 CHESTNUT ST"
841-65-043,"7773 CHESTNUT ST"
841-65-044,"7781 CHESTNUT ST"
841-65-045,"7790 CHESTNUT ST"
841-65-046,"7792 CHESTNUT ST"
841-65-047,"7794 CHESTNUT ST"
841-65-048,"7796 CHESTNUT ST"
841-65-049,"7798 CHESTNUT ST"
841-65-050,"7780 CHESTNUT ST"
841-65-051,"7782 CHESTNUT ST"
841-65-052,"7784 CHESTNUT ST"
841-65-053,"7786 CHESTNUT ST"
841-65-054,"7788 CHESTNUT ST"
841-65-055,"7778 CHESTNUT ST"
841-65-056,"7774 CHESTNUT ST"
841-65-057,"7766 CHESTNUT ST"
841-65-058,"7758 CHESTNUT ST"
841-65-059,"7750 CHESTNUT ST"
841-65-060,"7748 CHESTNUT ST"
841-65-061,"7742 CHESTNUT ST"
841-65-062,"7740 CHESTNUT ST"
841-65-997,""
841-65-998,""
841-65-999,""
841-66-012,"7070 CHESTNUT ST"
841-66-013,"420 E 9TH ST"
841-66-038,"484 E 9TH ST"
841-66-039,"454 E 9TH ST"
841-66-040,"7010 CHESTNUT ST"
841-66-041,"7030 CHESTNUT ST"
841-66-042,"7050 CHESTNUT ST"
841-66-043,"7060 CHESTNUT ST"
841-81-001,"7598 MONTEREY ST #110"
841-81-002,"7598 MONTEREY ST #120"
841-81-003,"7598 MONTEREY ST #130"
841-81-004,"7598 MONTEREY ST #140"
841-81-005,"7598 MONTEREY ST #150"
841-81-006,"7598 MONTEREY ST #160"
841-81-007,"7598 MONTEREY ST #210"
841-81-008,"7598 MONTEREY ST #220"
841-81-009,"7598 MONTEREY ST #230"
841-81-010,"7598 MONTEREY ST #240"
841-81-011,"7598 MONTEREY ST #250"
841-81-012,"7598 MONTEREY ST #260"
841-81-013,"7598 MONTEREY ST #310"
841-81-014,"7598 MONTEREY ST #320"
841-81-015,"7598 MONTEREY ST #330"
841-81-016,"7598 MONTEREY ST #340"
841-81-017,"7598 MONTEREY ST #350"
841-81-018,"7598 MONTEREY ST #360"
841-81-999,""
841-82-001,"100 SARAFINA WY"
841-82-002,"110 SARAFINA WY"
841-82-003,"120 SARAFINA WY"
841-82-004,"130 SARAFINA WY"
841-82-005,"140 SARAFINA WY"
841-82-006,"116 CAROLINE LN"
841-82-007,"112 CAROLINE LN"
841-82-008,"108 CAROLINE LN"
841-82-009,"104 CAROLINE LN"
841-82-010,"132 CAROLINE LN"
841-82-011,"128 CAROLINE LN"
841-82-012,"124 CAROLINE LN"
841-82-013,"118 CAROLINE LN"
841-82-014,"150 SARAFINA WY"
841-82-015,"160 SARAFINA WY"
841-82-016,"148 CAROLINE LN"
841-82-017,"144 CAROLINE LN"
841-82-018,"140 CAROLINE LN"
841-82-019,"136 CAROLINE LN"
841-82-020,"164 CAROLINE LN"
841-82-021,"160 CAROLINE LN"
841-82-022,"156 CAROLINE LN"
841-82-023,"152 CAROLINE LN"
841-82-024,"170 SARAFINA WY"
841-82-025,"180 SARAFINA WY"
841-82-026,"180 CAROLINE LN"
841-82-027,"176 CAROLINE LN"
841-82-028,"172 CAROLINE LN"
841-82-029,"168 CAROLINE LN"
841-82-030,"198 CAROLINE LN"
841-82-031,"196 CAROLINE LN"
841-82-032,"192 CAROLINE LN"
841-82-033,"188 CAROLINE LN"
841-82-034,"184 CAROLINE LN"
841-82-035,"7655 FOREST ST"
841-82-036,"7661 FOREST ST"
841-82-037,"7671 FOREST ST"
841-82-038,"7681 FOREST ST"
841-82-039,"7691 FOREST ST"
841-82-040,""
841-82-999,""
841-83-001,"211 LEWIS ST"
841-83-002,"221 LEWIS ST"
841-83-003,"231 LEWIS ST"
841-83-004,"241 LEWIS ST"
841-83-005,"251 LEWIS ST"
841-83-006,"261 LEWIS ST"
841-83-007,"271 LEWIS ST"
841-83-008,"281 LEWIS ST"
841-83-009,"7644 GENNARO WY"
841-83-010,"7640 GENNARO WY"
841-83-011,"7634 GENNARO WY"
841-83-012,"7630 GENNARO WY"
841-83-013,"7624 GENNARO WY"
841-83-014,"7620 GENNARO WY"
841-83-015,"7614 GENNARO WY"
841-83-016,"7610 GENNARO WY"
841-83-017,"7690 GENNARO WY"
841-83-018,"7680 GENNARO WY"
841-83-019,"7674 GENNARO WY"
841-83-020,"7670 GENNARO WY"
841-83-021,"7664 GENNARO WY"
841-83-022,"7660 GENNARO WY"
841-83-023,"7654 GENNARO WY"
841-83-024,"7650 GENNARO WY"
841-83-025,"280 FORTUNATA PL"
841-83-026,"270 FORTUNATA PL"
841-83-027,"260 FORTUNATA PL"
841-83-028,"250 FORTUNATA PL"
841-83-029,"240 FORTUNATA PL"
841-83-030,"230 FORTUNATA PL"
841-83-031,"220 FORTUNATA PL"
841-83-032,"210 FORTUNATA PL"
841-83-997,""
841-83-998,""
841-83-999,""
841-85-001,"7600 MONTEREY ST"
841-85-002,"7600 MONTEREY ST #200"
841-85-003,"7600 MONTEREY ST #201"
841-85-004,"7600 MONTEREY ST #202"
841-85-005,"7600 MONTEREY ST #203"
841-85-006,"7600 MONTEREY ST #204"
841-85-007,"7600 MONTEREY ST #205"
841-85-008,"7600 MONTEREY ST #206"
841-85-009,"7600 MONTEREY ST #208"
841-85-010,"7600 MONTEREY ST #209"
841-85-011,"7600 MONTEREY ST #210"
841-85-012,"7600 MONTEREY ST #211"
841-85-013,"7600 MONTEREY ST #212"
841-85-014,"7600 MONTEREY ST #300"
841-85-015,"7600 MONTEREY ST #301"
841-85-016,"7600 MONTEREY ST #302"
841-85-017,"7600 MONTEREY ST #303"
841-85-018,"7600 MONTEREY ST #304"
841-85-019,"7600 MONTEREY ST #305"
841-85-020,"7600 MONTEREY ST #306"
841-85-021,"7600 MONTEREY ST #308"
841-85-022,"7600 MONTEREY ST #309"
841-85-023,"7600 MONTEREY ST #310"
841-85-024,"7600 MONTEREY ST #311"
841-85-025,"7600 MONTEREY ST #312"
841-85-999,""
